-- ============================================
-- SCRIPT DE INSERCIÓN: USUARIOS Y MENÚ
-- ============================================
-- Generado: 2026-01-09 16:45:30
-- Desde: D:/PROJECT_NEUMATIC/neumatic/data/db_neumatic.db
-- NOTA: Se excluye el superusuario (id=1)
-- ============================================

PRAGMA foreign_keys = OFF;
BEGIN TRANSACTION;


-- auth_group
INSERT INTO auth_group (id,name) VALUES (1,'Administracion');
INSERT INTO auth_group (id,name) VALUES (2,'Puntos de Ventas');
INSERT INTO auth_group (id,name) VALUES (3,'Vendedores');
INSERT INTO auth_group (id,name) VALUES (4,'Encargado Sucursal');
INSERT INTO auth_group (id,name) VALUES (5,'Deposito');

-- auth_group_permissions
INSERT INTO auth_group_permissions (id,group_id,permission_id) VALUES (1,1,1);
INSERT INTO auth_group_permissions (id,group_id,permission_id) VALUES (2,1,2);
INSERT INTO auth_group_permissions (id,group_id,permission_id) VALUES (3,1,3);
INSERT INTO auth_group_permissions (id,group_id,permission_id) VALUES (4,1,4);
INSERT INTO auth_group_permissions (id,group_id,permission_id) VALUES (5,1,5);
INSERT INTO auth_group_permissions (id,group_id,permission_id) VALUES (6,1,6);
INSERT INTO auth_group_permissions (id,group_id,permission_id) VALUES (7,1,7);
INSERT INTO auth_group_permissions (id,group_id,permission_id) VALUES (8,1,8);
INSERT INTO auth_group_permissions (id,group_id,permission_id) VALUES (9,1,9);
INSERT INTO auth_group_permissions (id,group_id,permission_id) VALUES (10,1,10);
INSERT INTO auth_group_permissions (id,group_id,permission_id) VALUES (11,1,11);
INSERT INTO auth_group_permissions (id,group_id,permission_id) VALUES (12,1,12);
INSERT INTO auth_group_permissions (id,group_id,permission_id) VALUES (13,1,13);
INSERT INTO auth_group_permissions (id,group_id,permission_id) VALUES (14,1,14);
INSERT INTO auth_group_permissions (id,group_id,permission_id) VALUES (15,1,15);
INSERT INTO auth_group_permissions (id,group_id,permission_id) VALUES (16,1,16);
INSERT INTO auth_group_permissions (id,group_id,permission_id) VALUES (17,1,17);
INSERT INTO auth_group_permissions (id,group_id,permission_id) VALUES (18,1,18);
INSERT INTO auth_group_permissions (id,group_id,permission_id) VALUES (19,1,19);
INSERT INTO auth_group_permissions (id,group_id,permission_id) VALUES (20,1,20);
INSERT INTO auth_group_permissions (id,group_id,permission_id) VALUES (21,1,21);
INSERT INTO auth_group_permissions (id,group_id,permission_id) VALUES (22,1,22);
INSERT INTO auth_group_permissions (id,group_id,permission_id) VALUES (23,1,23);
INSERT INTO auth_group_permissions (id,group_id,permission_id) VALUES (24,1,24);
INSERT INTO auth_group_permissions (id,group_id,permission_id) VALUES (25,1,25);
INSERT INTO auth_group_permissions (id,group_id,permission_id) VALUES (26,1,26);
INSERT INTO auth_group_permissions (id,group_id,permission_id) VALUES (27,1,27);
INSERT INTO auth_group_permissions (id,group_id,permission_id) VALUES (28,1,28);
INSERT INTO auth_group_permissions (id,group_id,permission_id) VALUES (29,1,29);
INSERT INTO auth_group_permissions (id,group_id,permission_id) VALUES (30,1,30);
INSERT INTO auth_group_permissions (id,group_id,permission_id) VALUES (31,1,31);
INSERT INTO auth_group_permissions (id,group_id,permission_id) VALUES (32,1,32);
INSERT INTO auth_group_permissions (id,group_id,permission_id) VALUES (33,1,33);
INSERT INTO auth_group_permissions (id,group_id,permission_id) VALUES (34,1,34);
INSERT INTO auth_group_permissions (id,group_id,permission_id) VALUES (35,1,35);
INSERT INTO auth_group_permissions (id,group_id,permission_id) VALUES (36,1,36);
INSERT INTO auth_group_permissions (id,group_id,permission_id) VALUES (37,1,37);
INSERT INTO auth_group_permissions (id,group_id,permission_id) VALUES (38,1,38);
INSERT INTO auth_group_permissions (id,group_id,permission_id) VALUES (39,1,39);
INSERT INTO auth_group_permissions (id,group_id,permission_id) VALUES (40,1,40);
INSERT INTO auth_group_permissions (id,group_id,permission_id) VALUES (41,1,41);
INSERT INTO auth_group_permissions (id,group_id,permission_id) VALUES (42,1,42);
INSERT INTO auth_group_permissions (id,group_id,permission_id) VALUES (43,1,43);
INSERT INTO auth_group_permissions (id,group_id,permission_id) VALUES (44,1,44);
INSERT INTO auth_group_permissions (id,group_id,permission_id) VALUES (45,1,45);
INSERT INTO auth_group_permissions (id,group_id,permission_id) VALUES (46,1,46);
INSERT INTO auth_group_permissions (id,group_id,permission_id) VALUES (47,1,47);
INSERT INTO auth_group_permissions (id,group_id,permission_id) VALUES (48,1,48);
INSERT INTO auth_group_permissions (id,group_id,permission_id) VALUES (49,1,49);
INSERT INTO auth_group_permissions (id,group_id,permission_id) VALUES (50,1,50);
INSERT INTO auth_group_permissions (id,group_id,permission_id) VALUES (51,1,51);
INSERT INTO auth_group_permissions (id,group_id,permission_id) VALUES (52,1,52);
INSERT INTO auth_group_permissions (id,group_id,permission_id) VALUES (53,1,53);
INSERT INTO auth_group_permissions (id,group_id,permission_id) VALUES (54,1,54);
INSERT INTO auth_group_permissions (id,group_id,permission_id) VALUES (55,1,55);
INSERT INTO auth_group_permissions (id,group_id,permission_id) VALUES (56,1,56);
INSERT INTO auth_group_permissions (id,group_id,permission_id) VALUES (57,1,57);
INSERT INTO auth_group_permissions (id,group_id,permission_id) VALUES (58,1,58);
INSERT INTO auth_group_permissions (id,group_id,permission_id) VALUES (59,1,59);
INSERT INTO auth_group_permissions (id,group_id,permission_id) VALUES (60,1,60);
INSERT INTO auth_group_permissions (id,group_id,permission_id) VALUES (61,1,61);
INSERT INTO auth_group_permissions (id,group_id,permission_id) VALUES (62,1,62);
INSERT INTO auth_group_permissions (id,group_id,permission_id) VALUES (63,1,63);
INSERT INTO auth_group_permissions (id,group_id,permission_id) VALUES (64,1,64);
INSERT INTO auth_group_permissions (id,group_id,permission_id) VALUES (65,1,65);
INSERT INTO auth_group_permissions (id,group_id,permission_id) VALUES (66,1,66);
INSERT INTO auth_group_permissions (id,group_id,permission_id) VALUES (67,1,67);
INSERT INTO auth_group_permissions (id,group_id,permission_id) VALUES (68,1,68);
INSERT INTO auth_group_permissions (id,group_id,permission_id) VALUES (69,1,69);
INSERT INTO auth_group_permissions (id,group_id,permission_id) VALUES (70,1,70);
INSERT INTO auth_group_permissions (id,group_id,permission_id) VALUES (71,1,71);
INSERT INTO auth_group_permissions (id,group_id,permission_id) VALUES (72,1,72);
INSERT INTO auth_group_permissions (id,group_id,permission_id) VALUES (73,1,73);
INSERT INTO auth_group_permissions (id,group_id,permission_id) VALUES (74,1,74);
INSERT INTO auth_group_permissions (id,group_id,permission_id) VALUES (75,1,75);
INSERT INTO auth_group_permissions (id,group_id,permission_id) VALUES (76,1,76);
INSERT INTO auth_group_permissions (id,group_id,permission_id) VALUES (77,1,77);
INSERT INTO auth_group_permissions (id,group_id,permission_id) VALUES (78,1,78);
INSERT INTO auth_group_permissions (id,group_id,permission_id) VALUES (79,1,79);
INSERT INTO auth_group_permissions (id,group_id,permission_id) VALUES (80,1,80);
INSERT INTO auth_group_permissions (id,group_id,permission_id) VALUES (81,1,81);
INSERT INTO auth_group_permissions (id,group_id,permission_id) VALUES (82,1,82);
INSERT INTO auth_group_permissions (id,group_id,permission_id) VALUES (83,1,83);
INSERT INTO auth_group_permissions (id,group_id,permission_id) VALUES (84,1,84);
INSERT INTO auth_group_permissions (id,group_id,permission_id) VALUES (85,1,85);
INSERT INTO auth_group_permissions (id,group_id,permission_id) VALUES (86,1,86);
INSERT INTO auth_group_permissions (id,group_id,permission_id) VALUES (87,1,87);
INSERT INTO auth_group_permissions (id,group_id,permission_id) VALUES (88,1,88);
INSERT INTO auth_group_permissions (id,group_id,permission_id) VALUES (89,1,89);
INSERT INTO auth_group_permissions (id,group_id,permission_id) VALUES (90,1,90);
INSERT INTO auth_group_permissions (id,group_id,permission_id) VALUES (91,1,91);
INSERT INTO auth_group_permissions (id,group_id,permission_id) VALUES (92,1,92);
INSERT INTO auth_group_permissions (id,group_id,permission_id) VALUES (93,1,93);
INSERT INTO auth_group_permissions (id,group_id,permission_id) VALUES (94,1,94);
INSERT INTO auth_group_permissions (id,group_id,permission_id) VALUES (95,1,95);
INSERT INTO auth_group_permissions (id,group_id,permission_id) VALUES (96,1,96);
INSERT INTO auth_group_permissions (id,group_id,permission_id) VALUES (97,1,97);
INSERT INTO auth_group_permissions (id,group_id,permission_id) VALUES (98,1,98);
INSERT INTO auth_group_permissions (id,group_id,permission_id) VALUES (99,1,99);
INSERT INTO auth_group_permissions (id,group_id,permission_id) VALUES (100,1,100);
INSERT INTO auth_group_permissions (id,group_id,permission_id) VALUES (101,1,101);
INSERT INTO auth_group_permissions (id,group_id,permission_id) VALUES (102,1,102);
INSERT INTO auth_group_permissions (id,group_id,permission_id) VALUES (103,1,103);
INSERT INTO auth_group_permissions (id,group_id,permission_id) VALUES (104,1,104);
INSERT INTO auth_group_permissions (id,group_id,permission_id) VALUES (105,1,105);
INSERT INTO auth_group_permissions (id,group_id,permission_id) VALUES (106,1,106);
INSERT INTO auth_group_permissions (id,group_id,permission_id) VALUES (107,1,107);
INSERT INTO auth_group_permissions (id,group_id,permission_id) VALUES (108,1,108);
INSERT INTO auth_group_permissions (id,group_id,permission_id) VALUES (109,1,109);
INSERT INTO auth_group_permissions (id,group_id,permission_id) VALUES (110,1,110);
INSERT INTO auth_group_permissions (id,group_id,permission_id) VALUES (111,1,111);
INSERT INTO auth_group_permissions (id,group_id,permission_id) VALUES (112,1,112);
INSERT INTO auth_group_permissions (id,group_id,permission_id) VALUES (113,1,113);
INSERT INTO auth_group_permissions (id,group_id,permission_id) VALUES (114,1,114);
INSERT INTO auth_group_permissions (id,group_id,permission_id) VALUES (115,1,115);
INSERT INTO auth_group_permissions (id,group_id,permission_id) VALUES (116,1,116);
INSERT INTO auth_group_permissions (id,group_id,permission_id) VALUES (117,1,117);
INSERT INTO auth_group_permissions (id,group_id,permission_id) VALUES (118,1,118);
INSERT INTO auth_group_permissions (id,group_id,permission_id) VALUES (119,1,119);
INSERT INTO auth_group_permissions (id,group_id,permission_id) VALUES (120,1,120);
INSERT INTO auth_group_permissions (id,group_id,permission_id) VALUES (121,1,121);
INSERT INTO auth_group_permissions (id,group_id,permission_id) VALUES (122,1,122);
INSERT INTO auth_group_permissions (id,group_id,permission_id) VALUES (123,1,123);
INSERT INTO auth_group_permissions (id,group_id,permission_id) VALUES (124,1,124);
INSERT INTO auth_group_permissions (id,group_id,permission_id) VALUES (125,1,125);
INSERT INTO auth_group_permissions (id,group_id,permission_id) VALUES (126,1,126);
INSERT INTO auth_group_permissions (id,group_id,permission_id) VALUES (127,1,127);
INSERT INTO auth_group_permissions (id,group_id,permission_id) VALUES (128,1,128);
INSERT INTO auth_group_permissions (id,group_id,permission_id) VALUES (129,1,129);
INSERT INTO auth_group_permissions (id,group_id,permission_id) VALUES (130,1,130);
INSERT INTO auth_group_permissions (id,group_id,permission_id) VALUES (131,1,131);
INSERT INTO auth_group_permissions (id,group_id,permission_id) VALUES (132,1,132);
INSERT INTO auth_group_permissions (id,group_id,permission_id) VALUES (133,1,133);
INSERT INTO auth_group_permissions (id,group_id,permission_id) VALUES (134,1,134);
INSERT INTO auth_group_permissions (id,group_id,permission_id) VALUES (135,1,135);
INSERT INTO auth_group_permissions (id,group_id,permission_id) VALUES (136,1,136);
INSERT INTO auth_group_permissions (id,group_id,permission_id) VALUES (137,1,137);
INSERT INTO auth_group_permissions (id,group_id,permission_id) VALUES (138,1,138);
INSERT INTO auth_group_permissions (id,group_id,permission_id) VALUES (139,1,139);
INSERT INTO auth_group_permissions (id,group_id,permission_id) VALUES (140,1,140);
INSERT INTO auth_group_permissions (id,group_id,permission_id) VALUES (141,1,141);
INSERT INTO auth_group_permissions (id,group_id,permission_id) VALUES (142,1,142);
INSERT INTO auth_group_permissions (id,group_id,permission_id) VALUES (143,1,143);
INSERT INTO auth_group_permissions (id,group_id,permission_id) VALUES (144,1,144);
INSERT INTO auth_group_permissions (id,group_id,permission_id) VALUES (145,1,145);
INSERT INTO auth_group_permissions (id,group_id,permission_id) VALUES (146,1,146);
INSERT INTO auth_group_permissions (id,group_id,permission_id) VALUES (147,1,147);
INSERT INTO auth_group_permissions (id,group_id,permission_id) VALUES (148,1,148);
INSERT INTO auth_group_permissions (id,group_id,permission_id) VALUES (149,1,149);
INSERT INTO auth_group_permissions (id,group_id,permission_id) VALUES (150,1,150);
INSERT INTO auth_group_permissions (id,group_id,permission_id) VALUES (151,1,151);
INSERT INTO auth_group_permissions (id,group_id,permission_id) VALUES (152,1,152);
INSERT INTO auth_group_permissions (id,group_id,permission_id) VALUES (153,1,153);
INSERT INTO auth_group_permissions (id,group_id,permission_id) VALUES (154,1,154);
INSERT INTO auth_group_permissions (id,group_id,permission_id) VALUES (155,1,155);
INSERT INTO auth_group_permissions (id,group_id,permission_id) VALUES (156,1,156);
INSERT INTO auth_group_permissions (id,group_id,permission_id) VALUES (157,1,157);
INSERT INTO auth_group_permissions (id,group_id,permission_id) VALUES (158,1,158);
INSERT INTO auth_group_permissions (id,group_id,permission_id) VALUES (159,1,159);
INSERT INTO auth_group_permissions (id,group_id,permission_id) VALUES (160,1,160);
INSERT INTO auth_group_permissions (id,group_id,permission_id) VALUES (161,1,161);
INSERT INTO auth_group_permissions (id,group_id,permission_id) VALUES (162,1,162);
INSERT INTO auth_group_permissions (id,group_id,permission_id) VALUES (163,1,163);
INSERT INTO auth_group_permissions (id,group_id,permission_id) VALUES (164,1,164);
INSERT INTO auth_group_permissions (id,group_id,permission_id) VALUES (165,1,165);
INSERT INTO auth_group_permissions (id,group_id,permission_id) VALUES (166,1,166);
INSERT INTO auth_group_permissions (id,group_id,permission_id) VALUES (167,1,167);
INSERT INTO auth_group_permissions (id,group_id,permission_id) VALUES (168,1,168);
INSERT INTO auth_group_permissions (id,group_id,permission_id) VALUES (169,1,169);
INSERT INTO auth_group_permissions (id,group_id,permission_id) VALUES (170,1,170);
INSERT INTO auth_group_permissions (id,group_id,permission_id) VALUES (171,1,171);
INSERT INTO auth_group_permissions (id,group_id,permission_id) VALUES (172,1,172);
INSERT INTO auth_group_permissions (id,group_id,permission_id) VALUES (173,1,173);
INSERT INTO auth_group_permissions (id,group_id,permission_id) VALUES (174,1,174);
INSERT INTO auth_group_permissions (id,group_id,permission_id) VALUES (175,1,175);
INSERT INTO auth_group_permissions (id,group_id,permission_id) VALUES (176,1,176);
INSERT INTO auth_group_permissions (id,group_id,permission_id) VALUES (177,1,177);
INSERT INTO auth_group_permissions (id,group_id,permission_id) VALUES (178,1,178);
INSERT INTO auth_group_permissions (id,group_id,permission_id) VALUES (179,1,179);
INSERT INTO auth_group_permissions (id,group_id,permission_id) VALUES (180,1,180);
INSERT INTO auth_group_permissions (id,group_id,permission_id) VALUES (181,1,181);
INSERT INTO auth_group_permissions (id,group_id,permission_id) VALUES (182,1,182);
INSERT INTO auth_group_permissions (id,group_id,permission_id) VALUES (183,1,183);
INSERT INTO auth_group_permissions (id,group_id,permission_id) VALUES (184,1,184);
INSERT INTO auth_group_permissions (id,group_id,permission_id) VALUES (185,1,185);
INSERT INTO auth_group_permissions (id,group_id,permission_id) VALUES (186,1,186);
INSERT INTO auth_group_permissions (id,group_id,permission_id) VALUES (187,1,187);
INSERT INTO auth_group_permissions (id,group_id,permission_id) VALUES (188,1,188);
INSERT INTO auth_group_permissions (id,group_id,permission_id) VALUES (189,1,189);
INSERT INTO auth_group_permissions (id,group_id,permission_id) VALUES (190,1,190);
INSERT INTO auth_group_permissions (id,group_id,permission_id) VALUES (191,1,191);
INSERT INTO auth_group_permissions (id,group_id,permission_id) VALUES (192,1,192);
INSERT INTO auth_group_permissions (id,group_id,permission_id) VALUES (193,1,193);
INSERT INTO auth_group_permissions (id,group_id,permission_id) VALUES (194,1,194);
INSERT INTO auth_group_permissions (id,group_id,permission_id) VALUES (195,1,195);
INSERT INTO auth_group_permissions (id,group_id,permission_id) VALUES (196,1,196);
INSERT INTO auth_group_permissions (id,group_id,permission_id) VALUES (197,1,197);
INSERT INTO auth_group_permissions (id,group_id,permission_id) VALUES (198,1,198);
INSERT INTO auth_group_permissions (id,group_id,permission_id) VALUES (199,1,199);
INSERT INTO auth_group_permissions (id,group_id,permission_id) VALUES (200,1,200);
INSERT INTO auth_group_permissions (id,group_id,permission_id) VALUES (201,1,201);
INSERT INTO auth_group_permissions (id,group_id,permission_id) VALUES (202,1,202);
INSERT INTO auth_group_permissions (id,group_id,permission_id) VALUES (203,1,203);
INSERT INTO auth_group_permissions (id,group_id,permission_id) VALUES (204,1,204);
INSERT INTO auth_group_permissions (id,group_id,permission_id) VALUES (205,1,205);
INSERT INTO auth_group_permissions (id,group_id,permission_id) VALUES (206,1,206);
INSERT INTO auth_group_permissions (id,group_id,permission_id) VALUES (207,1,207);
INSERT INTO auth_group_permissions (id,group_id,permission_id) VALUES (208,1,208);
INSERT INTO auth_group_permissions (id,group_id,permission_id) VALUES (209,1,209);
INSERT INTO auth_group_permissions (id,group_id,permission_id) VALUES (210,1,210);
INSERT INTO auth_group_permissions (id,group_id,permission_id) VALUES (211,1,211);
INSERT INTO auth_group_permissions (id,group_id,permission_id) VALUES (212,1,212);
INSERT INTO auth_group_permissions (id,group_id,permission_id) VALUES (213,1,213);
INSERT INTO auth_group_permissions (id,group_id,permission_id) VALUES (214,1,214);
INSERT INTO auth_group_permissions (id,group_id,permission_id) VALUES (215,1,215);
INSERT INTO auth_group_permissions (id,group_id,permission_id) VALUES (216,1,216);
INSERT INTO auth_group_permissions (id,group_id,permission_id) VALUES (217,1,217);
INSERT INTO auth_group_permissions (id,group_id,permission_id) VALUES (218,1,218);
INSERT INTO auth_group_permissions (id,group_id,permission_id) VALUES (219,1,219);
INSERT INTO auth_group_permissions (id,group_id,permission_id) VALUES (220,1,220);
INSERT INTO auth_group_permissions (id,group_id,permission_id) VALUES (221,1,221);
INSERT INTO auth_group_permissions (id,group_id,permission_id) VALUES (222,1,222);
INSERT INTO auth_group_permissions (id,group_id,permission_id) VALUES (223,1,223);
INSERT INTO auth_group_permissions (id,group_id,permission_id) VALUES (224,1,224);
INSERT INTO auth_group_permissions (id,group_id,permission_id) VALUES (225,1,225);
INSERT INTO auth_group_permissions (id,group_id,permission_id) VALUES (226,1,226);
INSERT INTO auth_group_permissions (id,group_id,permission_id) VALUES (227,1,227);
INSERT INTO auth_group_permissions (id,group_id,permission_id) VALUES (228,1,228);
INSERT INTO auth_group_permissions (id,group_id,permission_id) VALUES (229,1,229);
INSERT INTO auth_group_permissions (id,group_id,permission_id) VALUES (230,1,230);
INSERT INTO auth_group_permissions (id,group_id,permission_id) VALUES (231,1,231);
INSERT INTO auth_group_permissions (id,group_id,permission_id) VALUES (232,1,232);
INSERT INTO auth_group_permissions (id,group_id,permission_id) VALUES (233,1,233);
INSERT INTO auth_group_permissions (id,group_id,permission_id) VALUES (234,1,234);
INSERT INTO auth_group_permissions (id,group_id,permission_id) VALUES (235,1,235);
INSERT INTO auth_group_permissions (id,group_id,permission_id) VALUES (236,1,236);
INSERT INTO auth_group_permissions (id,group_id,permission_id) VALUES (237,1,237);
INSERT INTO auth_group_permissions (id,group_id,permission_id) VALUES (238,1,238);
INSERT INTO auth_group_permissions (id,group_id,permission_id) VALUES (239,1,239);
INSERT INTO auth_group_permissions (id,group_id,permission_id) VALUES (240,1,240);
INSERT INTO auth_group_permissions (id,group_id,permission_id) VALUES (241,1,241);
INSERT INTO auth_group_permissions (id,group_id,permission_id) VALUES (242,1,242);
INSERT INTO auth_group_permissions (id,group_id,permission_id) VALUES (243,1,243);
INSERT INTO auth_group_permissions (id,group_id,permission_id) VALUES (244,1,244);
INSERT INTO auth_group_permissions (id,group_id,permission_id) VALUES (245,1,245);
INSERT INTO auth_group_permissions (id,group_id,permission_id) VALUES (246,1,246);
INSERT INTO auth_group_permissions (id,group_id,permission_id) VALUES (247,1,247);
INSERT INTO auth_group_permissions (id,group_id,permission_id) VALUES (248,1,248);
INSERT INTO auth_group_permissions (id,group_id,permission_id) VALUES (249,1,249);
INSERT INTO auth_group_permissions (id,group_id,permission_id) VALUES (250,1,250);
INSERT INTO auth_group_permissions (id,group_id,permission_id) VALUES (251,1,251);
INSERT INTO auth_group_permissions (id,group_id,permission_id) VALUES (252,1,252);
INSERT INTO auth_group_permissions (id,group_id,permission_id) VALUES (253,1,253);
INSERT INTO auth_group_permissions (id,group_id,permission_id) VALUES (254,1,254);
INSERT INTO auth_group_permissions (id,group_id,permission_id) VALUES (255,1,255);
INSERT INTO auth_group_permissions (id,group_id,permission_id) VALUES (256,1,256);
INSERT INTO auth_group_permissions (id,group_id,permission_id) VALUES (257,1,257);
INSERT INTO auth_group_permissions (id,group_id,permission_id) VALUES (258,1,258);
INSERT INTO auth_group_permissions (id,group_id,permission_id) VALUES (259,1,259);
INSERT INTO auth_group_permissions (id,group_id,permission_id) VALUES (260,1,260);
INSERT INTO auth_group_permissions (id,group_id,permission_id) VALUES (261,1,261);
INSERT INTO auth_group_permissions (id,group_id,permission_id) VALUES (262,1,262);
INSERT INTO auth_group_permissions (id,group_id,permission_id) VALUES (263,1,263);
INSERT INTO auth_group_permissions (id,group_id,permission_id) VALUES (264,1,264);
INSERT INTO auth_group_permissions (id,group_id,permission_id) VALUES (265,1,265);
INSERT INTO auth_group_permissions (id,group_id,permission_id) VALUES (266,1,266);
INSERT INTO auth_group_permissions (id,group_id,permission_id) VALUES (267,1,267);
INSERT INTO auth_group_permissions (id,group_id,permission_id) VALUES (268,1,268);
INSERT INTO auth_group_permissions (id,group_id,permission_id) VALUES (269,1,269);
INSERT INTO auth_group_permissions (id,group_id,permission_id) VALUES (270,1,270);
INSERT INTO auth_group_permissions (id,group_id,permission_id) VALUES (271,1,271);
INSERT INTO auth_group_permissions (id,group_id,permission_id) VALUES (272,1,272);
INSERT INTO auth_group_permissions (id,group_id,permission_id) VALUES (273,1,273);
INSERT INTO auth_group_permissions (id,group_id,permission_id) VALUES (274,1,274);
INSERT INTO auth_group_permissions (id,group_id,permission_id) VALUES (275,1,275);
INSERT INTO auth_group_permissions (id,group_id,permission_id) VALUES (276,1,276);
INSERT INTO auth_group_permissions (id,group_id,permission_id) VALUES (277,1,277);
INSERT INTO auth_group_permissions (id,group_id,permission_id) VALUES (278,1,278);
INSERT INTO auth_group_permissions (id,group_id,permission_id) VALUES (279,1,279);
INSERT INTO auth_group_permissions (id,group_id,permission_id) VALUES (280,1,280);
INSERT INTO auth_group_permissions (id,group_id,permission_id) VALUES (281,1,281);
INSERT INTO auth_group_permissions (id,group_id,permission_id) VALUES (282,1,282);
INSERT INTO auth_group_permissions (id,group_id,permission_id) VALUES (283,1,283);
INSERT INTO auth_group_permissions (id,group_id,permission_id) VALUES (284,1,284);
INSERT INTO auth_group_permissions (id,group_id,permission_id) VALUES (285,1,285);
INSERT INTO auth_group_permissions (id,group_id,permission_id) VALUES (286,1,286);
INSERT INTO auth_group_permissions (id,group_id,permission_id) VALUES (287,1,287);
INSERT INTO auth_group_permissions (id,group_id,permission_id) VALUES (288,1,288);
INSERT INTO auth_group_permissions (id,group_id,permission_id) VALUES (289,1,289);
INSERT INTO auth_group_permissions (id,group_id,permission_id) VALUES (290,1,290);
INSERT INTO auth_group_permissions (id,group_id,permission_id) VALUES (291,1,291);
INSERT INTO auth_group_permissions (id,group_id,permission_id) VALUES (292,1,292);
INSERT INTO auth_group_permissions (id,group_id,permission_id) VALUES (293,1,293);
INSERT INTO auth_group_permissions (id,group_id,permission_id) VALUES (294,1,294);
INSERT INTO auth_group_permissions (id,group_id,permission_id) VALUES (295,1,295);
INSERT INTO auth_group_permissions (id,group_id,permission_id) VALUES (296,1,296);
INSERT INTO auth_group_permissions (id,group_id,permission_id) VALUES (297,1,297);
INSERT INTO auth_group_permissions (id,group_id,permission_id) VALUES (298,1,298);
INSERT INTO auth_group_permissions (id,group_id,permission_id) VALUES (299,1,299);
INSERT INTO auth_group_permissions (id,group_id,permission_id) VALUES (300,1,300);
INSERT INTO auth_group_permissions (id,group_id,permission_id) VALUES (301,1,301);
INSERT INTO auth_group_permissions (id,group_id,permission_id) VALUES (302,1,302);
INSERT INTO auth_group_permissions (id,group_id,permission_id) VALUES (303,1,303);
INSERT INTO auth_group_permissions (id,group_id,permission_id) VALUES (304,1,304);
INSERT INTO auth_group_permissions (id,group_id,permission_id) VALUES (305,1,305);
INSERT INTO auth_group_permissions (id,group_id,permission_id) VALUES (306,1,306);
INSERT INTO auth_group_permissions (id,group_id,permission_id) VALUES (307,1,307);
INSERT INTO auth_group_permissions (id,group_id,permission_id) VALUES (308,1,308);
INSERT INTO auth_group_permissions (id,group_id,permission_id) VALUES (309,1,309);
INSERT INTO auth_group_permissions (id,group_id,permission_id) VALUES (310,1,310);
INSERT INTO auth_group_permissions (id,group_id,permission_id) VALUES (311,1,311);
INSERT INTO auth_group_permissions (id,group_id,permission_id) VALUES (312,1,312);
INSERT INTO auth_group_permissions (id,group_id,permission_id) VALUES (313,1,313);
INSERT INTO auth_group_permissions (id,group_id,permission_id) VALUES (314,1,314);
INSERT INTO auth_group_permissions (id,group_id,permission_id) VALUES (315,1,315);
INSERT INTO auth_group_permissions (id,group_id,permission_id) VALUES (316,1,316);
INSERT INTO auth_group_permissions (id,group_id,permission_id) VALUES (317,1,317);
INSERT INTO auth_group_permissions (id,group_id,permission_id) VALUES (318,1,318);
INSERT INTO auth_group_permissions (id,group_id,permission_id) VALUES (319,1,319);
INSERT INTO auth_group_permissions (id,group_id,permission_id) VALUES (320,1,320);
INSERT INTO auth_group_permissions (id,group_id,permission_id) VALUES (321,1,321);
INSERT INTO auth_group_permissions (id,group_id,permission_id) VALUES (322,1,322);
INSERT INTO auth_group_permissions (id,group_id,permission_id) VALUES (323,1,323);
INSERT INTO auth_group_permissions (id,group_id,permission_id) VALUES (324,1,324);
INSERT INTO auth_group_permissions (id,group_id,permission_id) VALUES (325,1,325);
INSERT INTO auth_group_permissions (id,group_id,permission_id) VALUES (326,1,326);
INSERT INTO auth_group_permissions (id,group_id,permission_id) VALUES (327,1,327);
INSERT INTO auth_group_permissions (id,group_id,permission_id) VALUES (328,1,328);
INSERT INTO auth_group_permissions (id,group_id,permission_id) VALUES (329,1,329);
INSERT INTO auth_group_permissions (id,group_id,permission_id) VALUES (330,1,330);
INSERT INTO auth_group_permissions (id,group_id,permission_id) VALUES (331,1,331);
INSERT INTO auth_group_permissions (id,group_id,permission_id) VALUES (332,1,332);
INSERT INTO auth_group_permissions (id,group_id,permission_id) VALUES (333,1,333);
INSERT INTO auth_group_permissions (id,group_id,permission_id) VALUES (334,1,334);
INSERT INTO auth_group_permissions (id,group_id,permission_id) VALUES (335,1,335);
INSERT INTO auth_group_permissions (id,group_id,permission_id) VALUES (336,1,336);
INSERT INTO auth_group_permissions (id,group_id,permission_id) VALUES (337,1,337);
INSERT INTO auth_group_permissions (id,group_id,permission_id) VALUES (338,1,338);
INSERT INTO auth_group_permissions (id,group_id,permission_id) VALUES (339,1,339);
INSERT INTO auth_group_permissions (id,group_id,permission_id) VALUES (340,1,340);
INSERT INTO auth_group_permissions (id,group_id,permission_id) VALUES (341,1,341);
INSERT INTO auth_group_permissions (id,group_id,permission_id) VALUES (342,1,342);
INSERT INTO auth_group_permissions (id,group_id,permission_id) VALUES (343,1,343);
INSERT INTO auth_group_permissions (id,group_id,permission_id) VALUES (344,1,344);
INSERT INTO auth_group_permissions (id,group_id,permission_id) VALUES (345,1,345);
INSERT INTO auth_group_permissions (id,group_id,permission_id) VALUES (346,1,346);
INSERT INTO auth_group_permissions (id,group_id,permission_id) VALUES (347,1,347);
INSERT INTO auth_group_permissions (id,group_id,permission_id) VALUES (348,1,348);
INSERT INTO auth_group_permissions (id,group_id,permission_id) VALUES (349,1,349);
INSERT INTO auth_group_permissions (id,group_id,permission_id) VALUES (350,1,350);
INSERT INTO auth_group_permissions (id,group_id,permission_id) VALUES (351,1,351);
INSERT INTO auth_group_permissions (id,group_id,permission_id) VALUES (352,1,352);
INSERT INTO auth_group_permissions (id,group_id,permission_id) VALUES (353,1,353);
INSERT INTO auth_group_permissions (id,group_id,permission_id) VALUES (354,1,354);
INSERT INTO auth_group_permissions (id,group_id,permission_id) VALUES (355,1,355);
INSERT INTO auth_group_permissions (id,group_id,permission_id) VALUES (356,1,356);
INSERT INTO auth_group_permissions (id,group_id,permission_id) VALUES (357,1,357);
INSERT INTO auth_group_permissions (id,group_id,permission_id) VALUES (358,1,358);
INSERT INTO auth_group_permissions (id,group_id,permission_id) VALUES (359,1,359);
INSERT INTO auth_group_permissions (id,group_id,permission_id) VALUES (360,1,360);
INSERT INTO auth_group_permissions (id,group_id,permission_id) VALUES (361,1,361);
INSERT INTO auth_group_permissions (id,group_id,permission_id) VALUES (362,1,362);
INSERT INTO auth_group_permissions (id,group_id,permission_id) VALUES (363,1,363);
INSERT INTO auth_group_permissions (id,group_id,permission_id) VALUES (364,1,364);
INSERT INTO auth_group_permissions (id,group_id,permission_id) VALUES (365,1,365);
INSERT INTO auth_group_permissions (id,group_id,permission_id) VALUES (366,1,366);
INSERT INTO auth_group_permissions (id,group_id,permission_id) VALUES (367,1,367);
INSERT INTO auth_group_permissions (id,group_id,permission_id) VALUES (368,1,368);
INSERT INTO auth_group_permissions (id,group_id,permission_id) VALUES (369,1,369);
INSERT INTO auth_group_permissions (id,group_id,permission_id) VALUES (370,1,370);
INSERT INTO auth_group_permissions (id,group_id,permission_id) VALUES (371,1,371);
INSERT INTO auth_group_permissions (id,group_id,permission_id) VALUES (372,1,372);
INSERT INTO auth_group_permissions (id,group_id,permission_id) VALUES (373,1,373);
INSERT INTO auth_group_permissions (id,group_id,permission_id) VALUES (374,1,374);
INSERT INTO auth_group_permissions (id,group_id,permission_id) VALUES (375,1,375);
INSERT INTO auth_group_permissions (id,group_id,permission_id) VALUES (376,1,376);
INSERT INTO auth_group_permissions (id,group_id,permission_id) VALUES (377,1,377);
INSERT INTO auth_group_permissions (id,group_id,permission_id) VALUES (378,1,378);
INSERT INTO auth_group_permissions (id,group_id,permission_id) VALUES (379,1,379);
INSERT INTO auth_group_permissions (id,group_id,permission_id) VALUES (380,1,380);
INSERT INTO auth_group_permissions (id,group_id,permission_id) VALUES (381,1,381);
INSERT INTO auth_group_permissions (id,group_id,permission_id) VALUES (382,1,382);
INSERT INTO auth_group_permissions (id,group_id,permission_id) VALUES (383,1,383);
INSERT INTO auth_group_permissions (id,group_id,permission_id) VALUES (384,1,384);
INSERT INTO auth_group_permissions (id,group_id,permission_id) VALUES (385,1,385);
INSERT INTO auth_group_permissions (id,group_id,permission_id) VALUES (386,1,386);
INSERT INTO auth_group_permissions (id,group_id,permission_id) VALUES (387,1,387);
INSERT INTO auth_group_permissions (id,group_id,permission_id) VALUES (388,1,388);
INSERT INTO auth_group_permissions (id,group_id,permission_id) VALUES (389,1,389);
INSERT INTO auth_group_permissions (id,group_id,permission_id) VALUES (390,1,390);
INSERT INTO auth_group_permissions (id,group_id,permission_id) VALUES (391,1,391);
INSERT INTO auth_group_permissions (id,group_id,permission_id) VALUES (392,1,392);
INSERT INTO auth_group_permissions (id,group_id,permission_id) VALUES (393,1,393);
INSERT INTO auth_group_permissions (id,group_id,permission_id) VALUES (394,1,394);
INSERT INTO auth_group_permissions (id,group_id,permission_id) VALUES (395,1,395);
INSERT INTO auth_group_permissions (id,group_id,permission_id) VALUES (396,1,396);
INSERT INTO auth_group_permissions (id,group_id,permission_id) VALUES (397,1,397);
INSERT INTO auth_group_permissions (id,group_id,permission_id) VALUES (398,1,398);
INSERT INTO auth_group_permissions (id,group_id,permission_id) VALUES (399,1,399);
INSERT INTO auth_group_permissions (id,group_id,permission_id) VALUES (400,1,400);
INSERT INTO auth_group_permissions (id,group_id,permission_id) VALUES (401,1,401);
INSERT INTO auth_group_permissions (id,group_id,permission_id) VALUES (402,1,402);
INSERT INTO auth_group_permissions (id,group_id,permission_id) VALUES (403,1,403);
INSERT INTO auth_group_permissions (id,group_id,permission_id) VALUES (404,1,404);
INSERT INTO auth_group_permissions (id,group_id,permission_id) VALUES (405,1,405);
INSERT INTO auth_group_permissions (id,group_id,permission_id) VALUES (406,1,406);
INSERT INTO auth_group_permissions (id,group_id,permission_id) VALUES (407,1,407);
INSERT INTO auth_group_permissions (id,group_id,permission_id) VALUES (408,1,408);
INSERT INTO auth_group_permissions (id,group_id,permission_id) VALUES (409,2,1);
INSERT INTO auth_group_permissions (id,group_id,permission_id) VALUES (410,2,2);
INSERT INTO auth_group_permissions (id,group_id,permission_id) VALUES (411,2,3);
INSERT INTO auth_group_permissions (id,group_id,permission_id) VALUES (412,2,4);
INSERT INTO auth_group_permissions (id,group_id,permission_id) VALUES (413,2,5);
INSERT INTO auth_group_permissions (id,group_id,permission_id) VALUES (414,2,6);
INSERT INTO auth_group_permissions (id,group_id,permission_id) VALUES (415,2,7);
INSERT INTO auth_group_permissions (id,group_id,permission_id) VALUES (416,2,8);
INSERT INTO auth_group_permissions (id,group_id,permission_id) VALUES (417,2,9);
INSERT INTO auth_group_permissions (id,group_id,permission_id) VALUES (418,2,10);
INSERT INTO auth_group_permissions (id,group_id,permission_id) VALUES (419,2,11);
INSERT INTO auth_group_permissions (id,group_id,permission_id) VALUES (420,2,12);
INSERT INTO auth_group_permissions (id,group_id,permission_id) VALUES (421,2,13);
INSERT INTO auth_group_permissions (id,group_id,permission_id) VALUES (422,2,14);
INSERT INTO auth_group_permissions (id,group_id,permission_id) VALUES (423,2,15);
INSERT INTO auth_group_permissions (id,group_id,permission_id) VALUES (424,2,16);
INSERT INTO auth_group_permissions (id,group_id,permission_id) VALUES (425,2,17);
INSERT INTO auth_group_permissions (id,group_id,permission_id) VALUES (426,2,18);
INSERT INTO auth_group_permissions (id,group_id,permission_id) VALUES (427,2,19);
INSERT INTO auth_group_permissions (id,group_id,permission_id) VALUES (428,2,20);
INSERT INTO auth_group_permissions (id,group_id,permission_id) VALUES (429,2,21);
INSERT INTO auth_group_permissions (id,group_id,permission_id) VALUES (430,2,22);
INSERT INTO auth_group_permissions (id,group_id,permission_id) VALUES (431,2,23);
INSERT INTO auth_group_permissions (id,group_id,permission_id) VALUES (432,2,24);
INSERT INTO auth_group_permissions (id,group_id,permission_id) VALUES (433,2,25);
INSERT INTO auth_group_permissions (id,group_id,permission_id) VALUES (434,2,26);
INSERT INTO auth_group_permissions (id,group_id,permission_id) VALUES (435,2,27);
INSERT INTO auth_group_permissions (id,group_id,permission_id) VALUES (436,2,28);
INSERT INTO auth_group_permissions (id,group_id,permission_id) VALUES (437,2,29);
INSERT INTO auth_group_permissions (id,group_id,permission_id) VALUES (438,2,30);
INSERT INTO auth_group_permissions (id,group_id,permission_id) VALUES (439,2,31);
INSERT INTO auth_group_permissions (id,group_id,permission_id) VALUES (440,2,32);
INSERT INTO auth_group_permissions (id,group_id,permission_id) VALUES (441,2,33);
INSERT INTO auth_group_permissions (id,group_id,permission_id) VALUES (442,2,34);
INSERT INTO auth_group_permissions (id,group_id,permission_id) VALUES (443,2,35);
INSERT INTO auth_group_permissions (id,group_id,permission_id) VALUES (444,2,36);
INSERT INTO auth_group_permissions (id,group_id,permission_id) VALUES (445,2,37);
INSERT INTO auth_group_permissions (id,group_id,permission_id) VALUES (446,2,38);
INSERT INTO auth_group_permissions (id,group_id,permission_id) VALUES (447,2,39);
INSERT INTO auth_group_permissions (id,group_id,permission_id) VALUES (448,2,40);
INSERT INTO auth_group_permissions (id,group_id,permission_id) VALUES (449,2,41);
INSERT INTO auth_group_permissions (id,group_id,permission_id) VALUES (450,2,42);
INSERT INTO auth_group_permissions (id,group_id,permission_id) VALUES (451,2,43);
INSERT INTO auth_group_permissions (id,group_id,permission_id) VALUES (452,2,44);
INSERT INTO auth_group_permissions (id,group_id,permission_id) VALUES (453,2,45);
INSERT INTO auth_group_permissions (id,group_id,permission_id) VALUES (454,2,46);
INSERT INTO auth_group_permissions (id,group_id,permission_id) VALUES (455,2,47);
INSERT INTO auth_group_permissions (id,group_id,permission_id) VALUES (456,2,48);
INSERT INTO auth_group_permissions (id,group_id,permission_id) VALUES (457,2,49);
INSERT INTO auth_group_permissions (id,group_id,permission_id) VALUES (458,2,50);
INSERT INTO auth_group_permissions (id,group_id,permission_id) VALUES (459,2,51);
INSERT INTO auth_group_permissions (id,group_id,permission_id) VALUES (460,2,52);
INSERT INTO auth_group_permissions (id,group_id,permission_id) VALUES (461,2,53);
INSERT INTO auth_group_permissions (id,group_id,permission_id) VALUES (462,2,54);
INSERT INTO auth_group_permissions (id,group_id,permission_id) VALUES (463,2,55);
INSERT INTO auth_group_permissions (id,group_id,permission_id) VALUES (464,2,56);
INSERT INTO auth_group_permissions (id,group_id,permission_id) VALUES (465,2,57);
INSERT INTO auth_group_permissions (id,group_id,permission_id) VALUES (466,2,58);
INSERT INTO auth_group_permissions (id,group_id,permission_id) VALUES (467,2,59);
INSERT INTO auth_group_permissions (id,group_id,permission_id) VALUES (468,2,60);
INSERT INTO auth_group_permissions (id,group_id,permission_id) VALUES (469,2,61);
INSERT INTO auth_group_permissions (id,group_id,permission_id) VALUES (470,2,62);
INSERT INTO auth_group_permissions (id,group_id,permission_id) VALUES (471,2,63);
INSERT INTO auth_group_permissions (id,group_id,permission_id) VALUES (472,2,64);
INSERT INTO auth_group_permissions (id,group_id,permission_id) VALUES (473,2,65);
INSERT INTO auth_group_permissions (id,group_id,permission_id) VALUES (474,2,66);
INSERT INTO auth_group_permissions (id,group_id,permission_id) VALUES (475,2,67);
INSERT INTO auth_group_permissions (id,group_id,permission_id) VALUES (476,2,68);
INSERT INTO auth_group_permissions (id,group_id,permission_id) VALUES (477,2,69);
INSERT INTO auth_group_permissions (id,group_id,permission_id) VALUES (478,2,70);
INSERT INTO auth_group_permissions (id,group_id,permission_id) VALUES (479,2,71);
INSERT INTO auth_group_permissions (id,group_id,permission_id) VALUES (480,2,72);
INSERT INTO auth_group_permissions (id,group_id,permission_id) VALUES (481,2,73);
INSERT INTO auth_group_permissions (id,group_id,permission_id) VALUES (482,2,74);
INSERT INTO auth_group_permissions (id,group_id,permission_id) VALUES (483,2,75);
INSERT INTO auth_group_permissions (id,group_id,permission_id) VALUES (484,2,76);
INSERT INTO auth_group_permissions (id,group_id,permission_id) VALUES (485,2,77);
INSERT INTO auth_group_permissions (id,group_id,permission_id) VALUES (486,2,78);
INSERT INTO auth_group_permissions (id,group_id,permission_id) VALUES (487,2,79);
INSERT INTO auth_group_permissions (id,group_id,permission_id) VALUES (488,2,80);
INSERT INTO auth_group_permissions (id,group_id,permission_id) VALUES (489,2,81);
INSERT INTO auth_group_permissions (id,group_id,permission_id) VALUES (490,2,82);
INSERT INTO auth_group_permissions (id,group_id,permission_id) VALUES (491,2,83);
INSERT INTO auth_group_permissions (id,group_id,permission_id) VALUES (492,2,84);
INSERT INTO auth_group_permissions (id,group_id,permission_id) VALUES (493,2,85);
INSERT INTO auth_group_permissions (id,group_id,permission_id) VALUES (494,2,86);
INSERT INTO auth_group_permissions (id,group_id,permission_id) VALUES (495,2,87);
INSERT INTO auth_group_permissions (id,group_id,permission_id) VALUES (496,2,88);
INSERT INTO auth_group_permissions (id,group_id,permission_id) VALUES (497,2,89);
INSERT INTO auth_group_permissions (id,group_id,permission_id) VALUES (498,2,90);
INSERT INTO auth_group_permissions (id,group_id,permission_id) VALUES (499,2,91);
INSERT INTO auth_group_permissions (id,group_id,permission_id) VALUES (500,2,92);
INSERT INTO auth_group_permissions (id,group_id,permission_id) VALUES (501,2,93);
INSERT INTO auth_group_permissions (id,group_id,permission_id) VALUES (502,2,94);
INSERT INTO auth_group_permissions (id,group_id,permission_id) VALUES (503,2,95);
INSERT INTO auth_group_permissions (id,group_id,permission_id) VALUES (504,2,96);
INSERT INTO auth_group_permissions (id,group_id,permission_id) VALUES (505,2,97);
INSERT INTO auth_group_permissions (id,group_id,permission_id) VALUES (506,2,98);
INSERT INTO auth_group_permissions (id,group_id,permission_id) VALUES (507,2,99);
INSERT INTO auth_group_permissions (id,group_id,permission_id) VALUES (508,2,100);
INSERT INTO auth_group_permissions (id,group_id,permission_id) VALUES (509,2,101);
INSERT INTO auth_group_permissions (id,group_id,permission_id) VALUES (510,2,102);
INSERT INTO auth_group_permissions (id,group_id,permission_id) VALUES (511,2,103);
INSERT INTO auth_group_permissions (id,group_id,permission_id) VALUES (512,2,104);
INSERT INTO auth_group_permissions (id,group_id,permission_id) VALUES (513,2,105);
INSERT INTO auth_group_permissions (id,group_id,permission_id) VALUES (514,2,106);
INSERT INTO auth_group_permissions (id,group_id,permission_id) VALUES (515,2,107);
INSERT INTO auth_group_permissions (id,group_id,permission_id) VALUES (516,2,108);
INSERT INTO auth_group_permissions (id,group_id,permission_id) VALUES (517,2,109);
INSERT INTO auth_group_permissions (id,group_id,permission_id) VALUES (518,2,110);
INSERT INTO auth_group_permissions (id,group_id,permission_id) VALUES (519,2,111);
INSERT INTO auth_group_permissions (id,group_id,permission_id) VALUES (520,2,112);
INSERT INTO auth_group_permissions (id,group_id,permission_id) VALUES (521,2,113);
INSERT INTO auth_group_permissions (id,group_id,permission_id) VALUES (522,2,114);
INSERT INTO auth_group_permissions (id,group_id,permission_id) VALUES (523,2,115);
INSERT INTO auth_group_permissions (id,group_id,permission_id) VALUES (524,2,116);
INSERT INTO auth_group_permissions (id,group_id,permission_id) VALUES (525,2,117);
INSERT INTO auth_group_permissions (id,group_id,permission_id) VALUES (526,2,118);
INSERT INTO auth_group_permissions (id,group_id,permission_id) VALUES (527,2,119);
INSERT INTO auth_group_permissions (id,group_id,permission_id) VALUES (528,2,120);
INSERT INTO auth_group_permissions (id,group_id,permission_id) VALUES (529,2,121);
INSERT INTO auth_group_permissions (id,group_id,permission_id) VALUES (530,2,122);
INSERT INTO auth_group_permissions (id,group_id,permission_id) VALUES (531,2,123);
INSERT INTO auth_group_permissions (id,group_id,permission_id) VALUES (532,2,124);
INSERT INTO auth_group_permissions (id,group_id,permission_id) VALUES (533,2,125);
INSERT INTO auth_group_permissions (id,group_id,permission_id) VALUES (534,2,126);
INSERT INTO auth_group_permissions (id,group_id,permission_id) VALUES (535,2,127);
INSERT INTO auth_group_permissions (id,group_id,permission_id) VALUES (536,2,128);
INSERT INTO auth_group_permissions (id,group_id,permission_id) VALUES (537,2,129);
INSERT INTO auth_group_permissions (id,group_id,permission_id) VALUES (538,2,130);
INSERT INTO auth_group_permissions (id,group_id,permission_id) VALUES (539,2,131);
INSERT INTO auth_group_permissions (id,group_id,permission_id) VALUES (540,2,132);
INSERT INTO auth_group_permissions (id,group_id,permission_id) VALUES (541,2,133);
INSERT INTO auth_group_permissions (id,group_id,permission_id) VALUES (542,2,134);
INSERT INTO auth_group_permissions (id,group_id,permission_id) VALUES (543,2,135);
INSERT INTO auth_group_permissions (id,group_id,permission_id) VALUES (544,2,136);
INSERT INTO auth_group_permissions (id,group_id,permission_id) VALUES (545,2,137);
INSERT INTO auth_group_permissions (id,group_id,permission_id) VALUES (546,2,138);
INSERT INTO auth_group_permissions (id,group_id,permission_id) VALUES (547,2,139);
INSERT INTO auth_group_permissions (id,group_id,permission_id) VALUES (548,2,140);
INSERT INTO auth_group_permissions (id,group_id,permission_id) VALUES (549,2,141);
INSERT INTO auth_group_permissions (id,group_id,permission_id) VALUES (550,2,142);
INSERT INTO auth_group_permissions (id,group_id,permission_id) VALUES (551,2,143);
INSERT INTO auth_group_permissions (id,group_id,permission_id) VALUES (552,2,144);
INSERT INTO auth_group_permissions (id,group_id,permission_id) VALUES (553,2,145);
INSERT INTO auth_group_permissions (id,group_id,permission_id) VALUES (554,2,146);
INSERT INTO auth_group_permissions (id,group_id,permission_id) VALUES (555,2,147);
INSERT INTO auth_group_permissions (id,group_id,permission_id) VALUES (556,2,148);
INSERT INTO auth_group_permissions (id,group_id,permission_id) VALUES (557,2,149);
INSERT INTO auth_group_permissions (id,group_id,permission_id) VALUES (558,2,150);
INSERT INTO auth_group_permissions (id,group_id,permission_id) VALUES (559,2,151);
INSERT INTO auth_group_permissions (id,group_id,permission_id) VALUES (560,2,152);
INSERT INTO auth_group_permissions (id,group_id,permission_id) VALUES (561,2,153);
INSERT INTO auth_group_permissions (id,group_id,permission_id) VALUES (562,2,154);
INSERT INTO auth_group_permissions (id,group_id,permission_id) VALUES (563,2,155);
INSERT INTO auth_group_permissions (id,group_id,permission_id) VALUES (564,2,156);
INSERT INTO auth_group_permissions (id,group_id,permission_id) VALUES (565,2,157);
INSERT INTO auth_group_permissions (id,group_id,permission_id) VALUES (566,2,158);
INSERT INTO auth_group_permissions (id,group_id,permission_id) VALUES (567,2,159);
INSERT INTO auth_group_permissions (id,group_id,permission_id) VALUES (568,2,160);
INSERT INTO auth_group_permissions (id,group_id,permission_id) VALUES (569,2,161);
INSERT INTO auth_group_permissions (id,group_id,permission_id) VALUES (570,2,162);
INSERT INTO auth_group_permissions (id,group_id,permission_id) VALUES (571,2,163);
INSERT INTO auth_group_permissions (id,group_id,permission_id) VALUES (572,2,164);
INSERT INTO auth_group_permissions (id,group_id,permission_id) VALUES (573,2,165);
INSERT INTO auth_group_permissions (id,group_id,permission_id) VALUES (574,2,166);
INSERT INTO auth_group_permissions (id,group_id,permission_id) VALUES (575,2,167);
INSERT INTO auth_group_permissions (id,group_id,permission_id) VALUES (576,2,168);
INSERT INTO auth_group_permissions (id,group_id,permission_id) VALUES (577,2,169);
INSERT INTO auth_group_permissions (id,group_id,permission_id) VALUES (578,2,170);
INSERT INTO auth_group_permissions (id,group_id,permission_id) VALUES (579,2,171);
INSERT INTO auth_group_permissions (id,group_id,permission_id) VALUES (580,2,172);
INSERT INTO auth_group_permissions (id,group_id,permission_id) VALUES (581,2,173);
INSERT INTO auth_group_permissions (id,group_id,permission_id) VALUES (582,2,174);
INSERT INTO auth_group_permissions (id,group_id,permission_id) VALUES (583,2,175);
INSERT INTO auth_group_permissions (id,group_id,permission_id) VALUES (584,2,176);
INSERT INTO auth_group_permissions (id,group_id,permission_id) VALUES (585,2,177);
INSERT INTO auth_group_permissions (id,group_id,permission_id) VALUES (586,2,178);
INSERT INTO auth_group_permissions (id,group_id,permission_id) VALUES (587,2,179);
INSERT INTO auth_group_permissions (id,group_id,permission_id) VALUES (588,2,180);
INSERT INTO auth_group_permissions (id,group_id,permission_id) VALUES (589,2,181);
INSERT INTO auth_group_permissions (id,group_id,permission_id) VALUES (590,2,182);
INSERT INTO auth_group_permissions (id,group_id,permission_id) VALUES (591,2,183);
INSERT INTO auth_group_permissions (id,group_id,permission_id) VALUES (592,2,184);
INSERT INTO auth_group_permissions (id,group_id,permission_id) VALUES (593,2,185);
INSERT INTO auth_group_permissions (id,group_id,permission_id) VALUES (594,2,186);
INSERT INTO auth_group_permissions (id,group_id,permission_id) VALUES (595,2,187);
INSERT INTO auth_group_permissions (id,group_id,permission_id) VALUES (596,2,188);
INSERT INTO auth_group_permissions (id,group_id,permission_id) VALUES (597,2,189);
INSERT INTO auth_group_permissions (id,group_id,permission_id) VALUES (598,2,190);
INSERT INTO auth_group_permissions (id,group_id,permission_id) VALUES (599,2,191);
INSERT INTO auth_group_permissions (id,group_id,permission_id) VALUES (600,2,192);
INSERT INTO auth_group_permissions (id,group_id,permission_id) VALUES (601,2,193);
INSERT INTO auth_group_permissions (id,group_id,permission_id) VALUES (602,2,194);
INSERT INTO auth_group_permissions (id,group_id,permission_id) VALUES (603,2,195);
INSERT INTO auth_group_permissions (id,group_id,permission_id) VALUES (604,2,196);
INSERT INTO auth_group_permissions (id,group_id,permission_id) VALUES (605,2,197);
INSERT INTO auth_group_permissions (id,group_id,permission_id) VALUES (606,2,198);
INSERT INTO auth_group_permissions (id,group_id,permission_id) VALUES (607,2,199);
INSERT INTO auth_group_permissions (id,group_id,permission_id) VALUES (608,2,200);
INSERT INTO auth_group_permissions (id,group_id,permission_id) VALUES (609,2,201);
INSERT INTO auth_group_permissions (id,group_id,permission_id) VALUES (610,2,202);
INSERT INTO auth_group_permissions (id,group_id,permission_id) VALUES (611,2,203);
INSERT INTO auth_group_permissions (id,group_id,permission_id) VALUES (612,2,204);
INSERT INTO auth_group_permissions (id,group_id,permission_id) VALUES (613,2,205);
INSERT INTO auth_group_permissions (id,group_id,permission_id) VALUES (614,2,206);
INSERT INTO auth_group_permissions (id,group_id,permission_id) VALUES (615,2,207);
INSERT INTO auth_group_permissions (id,group_id,permission_id) VALUES (616,2,208);
INSERT INTO auth_group_permissions (id,group_id,permission_id) VALUES (617,2,209);
INSERT INTO auth_group_permissions (id,group_id,permission_id) VALUES (618,2,210);
INSERT INTO auth_group_permissions (id,group_id,permission_id) VALUES (619,2,211);
INSERT INTO auth_group_permissions (id,group_id,permission_id) VALUES (620,2,212);
INSERT INTO auth_group_permissions (id,group_id,permission_id) VALUES (621,2,213);
INSERT INTO auth_group_permissions (id,group_id,permission_id) VALUES (622,2,214);
INSERT INTO auth_group_permissions (id,group_id,permission_id) VALUES (623,2,215);
INSERT INTO auth_group_permissions (id,group_id,permission_id) VALUES (624,2,216);
INSERT INTO auth_group_permissions (id,group_id,permission_id) VALUES (625,2,217);
INSERT INTO auth_group_permissions (id,group_id,permission_id) VALUES (626,2,218);
INSERT INTO auth_group_permissions (id,group_id,permission_id) VALUES (627,2,219);
INSERT INTO auth_group_permissions (id,group_id,permission_id) VALUES (628,2,220);
INSERT INTO auth_group_permissions (id,group_id,permission_id) VALUES (629,2,221);
INSERT INTO auth_group_permissions (id,group_id,permission_id) VALUES (630,2,222);
INSERT INTO auth_group_permissions (id,group_id,permission_id) VALUES (631,2,223);
INSERT INTO auth_group_permissions (id,group_id,permission_id) VALUES (632,2,224);
INSERT INTO auth_group_permissions (id,group_id,permission_id) VALUES (633,2,225);
INSERT INTO auth_group_permissions (id,group_id,permission_id) VALUES (634,2,226);
INSERT INTO auth_group_permissions (id,group_id,permission_id) VALUES (635,2,227);
INSERT INTO auth_group_permissions (id,group_id,permission_id) VALUES (636,2,228);
INSERT INTO auth_group_permissions (id,group_id,permission_id) VALUES (637,2,229);
INSERT INTO auth_group_permissions (id,group_id,permission_id) VALUES (638,2,230);
INSERT INTO auth_group_permissions (id,group_id,permission_id) VALUES (639,2,231);
INSERT INTO auth_group_permissions (id,group_id,permission_id) VALUES (640,2,232);
INSERT INTO auth_group_permissions (id,group_id,permission_id) VALUES (641,2,233);
INSERT INTO auth_group_permissions (id,group_id,permission_id) VALUES (642,2,234);
INSERT INTO auth_group_permissions (id,group_id,permission_id) VALUES (643,2,235);
INSERT INTO auth_group_permissions (id,group_id,permission_id) VALUES (644,2,236);
INSERT INTO auth_group_permissions (id,group_id,permission_id) VALUES (645,2,237);
INSERT INTO auth_group_permissions (id,group_id,permission_id) VALUES (646,2,238);
INSERT INTO auth_group_permissions (id,group_id,permission_id) VALUES (647,2,239);
INSERT INTO auth_group_permissions (id,group_id,permission_id) VALUES (648,2,240);
INSERT INTO auth_group_permissions (id,group_id,permission_id) VALUES (649,2,241);
INSERT INTO auth_group_permissions (id,group_id,permission_id) VALUES (650,2,242);
INSERT INTO auth_group_permissions (id,group_id,permission_id) VALUES (651,2,243);
INSERT INTO auth_group_permissions (id,group_id,permission_id) VALUES (652,2,244);
INSERT INTO auth_group_permissions (id,group_id,permission_id) VALUES (653,2,245);
INSERT INTO auth_group_permissions (id,group_id,permission_id) VALUES (654,2,246);
INSERT INTO auth_group_permissions (id,group_id,permission_id) VALUES (655,2,247);
INSERT INTO auth_group_permissions (id,group_id,permission_id) VALUES (656,2,248);
INSERT INTO auth_group_permissions (id,group_id,permission_id) VALUES (657,2,249);
INSERT INTO auth_group_permissions (id,group_id,permission_id) VALUES (658,2,250);
INSERT INTO auth_group_permissions (id,group_id,permission_id) VALUES (659,2,251);
INSERT INTO auth_group_permissions (id,group_id,permission_id) VALUES (660,2,252);
INSERT INTO auth_group_permissions (id,group_id,permission_id) VALUES (661,2,253);
INSERT INTO auth_group_permissions (id,group_id,permission_id) VALUES (662,2,254);
INSERT INTO auth_group_permissions (id,group_id,permission_id) VALUES (663,2,255);
INSERT INTO auth_group_permissions (id,group_id,permission_id) VALUES (664,2,256);
INSERT INTO auth_group_permissions (id,group_id,permission_id) VALUES (665,2,257);
INSERT INTO auth_group_permissions (id,group_id,permission_id) VALUES (666,2,258);
INSERT INTO auth_group_permissions (id,group_id,permission_id) VALUES (667,2,259);
INSERT INTO auth_group_permissions (id,group_id,permission_id) VALUES (668,2,260);
INSERT INTO auth_group_permissions (id,group_id,permission_id) VALUES (669,2,261);
INSERT INTO auth_group_permissions (id,group_id,permission_id) VALUES (670,2,262);
INSERT INTO auth_group_permissions (id,group_id,permission_id) VALUES (671,2,263);
INSERT INTO auth_group_permissions (id,group_id,permission_id) VALUES (672,2,264);
INSERT INTO auth_group_permissions (id,group_id,permission_id) VALUES (673,2,265);
INSERT INTO auth_group_permissions (id,group_id,permission_id) VALUES (674,2,266);
INSERT INTO auth_group_permissions (id,group_id,permission_id) VALUES (675,2,267);
INSERT INTO auth_group_permissions (id,group_id,permission_id) VALUES (676,2,268);
INSERT INTO auth_group_permissions (id,group_id,permission_id) VALUES (677,2,269);
INSERT INTO auth_group_permissions (id,group_id,permission_id) VALUES (678,2,270);
INSERT INTO auth_group_permissions (id,group_id,permission_id) VALUES (679,2,271);
INSERT INTO auth_group_permissions (id,group_id,permission_id) VALUES (680,2,272);
INSERT INTO auth_group_permissions (id,group_id,permission_id) VALUES (681,2,273);
INSERT INTO auth_group_permissions (id,group_id,permission_id) VALUES (682,2,274);
INSERT INTO auth_group_permissions (id,group_id,permission_id) VALUES (683,2,275);
INSERT INTO auth_group_permissions (id,group_id,permission_id) VALUES (684,2,276);
INSERT INTO auth_group_permissions (id,group_id,permission_id) VALUES (685,2,277);
INSERT INTO auth_group_permissions (id,group_id,permission_id) VALUES (686,2,278);
INSERT INTO auth_group_permissions (id,group_id,permission_id) VALUES (687,2,279);
INSERT INTO auth_group_permissions (id,group_id,permission_id) VALUES (688,2,280);
INSERT INTO auth_group_permissions (id,group_id,permission_id) VALUES (689,2,281);
INSERT INTO auth_group_permissions (id,group_id,permission_id) VALUES (690,2,282);
INSERT INTO auth_group_permissions (id,group_id,permission_id) VALUES (691,2,283);
INSERT INTO auth_group_permissions (id,group_id,permission_id) VALUES (692,2,284);
INSERT INTO auth_group_permissions (id,group_id,permission_id) VALUES (693,2,285);
INSERT INTO auth_group_permissions (id,group_id,permission_id) VALUES (694,2,286);
INSERT INTO auth_group_permissions (id,group_id,permission_id) VALUES (695,2,287);
INSERT INTO auth_group_permissions (id,group_id,permission_id) VALUES (696,2,288);
INSERT INTO auth_group_permissions (id,group_id,permission_id) VALUES (697,2,289);
INSERT INTO auth_group_permissions (id,group_id,permission_id) VALUES (698,2,290);
INSERT INTO auth_group_permissions (id,group_id,permission_id) VALUES (699,2,291);
INSERT INTO auth_group_permissions (id,group_id,permission_id) VALUES (700,2,292);
INSERT INTO auth_group_permissions (id,group_id,permission_id) VALUES (701,2,293);
INSERT INTO auth_group_permissions (id,group_id,permission_id) VALUES (702,2,294);
INSERT INTO auth_group_permissions (id,group_id,permission_id) VALUES (703,2,295);
INSERT INTO auth_group_permissions (id,group_id,permission_id) VALUES (704,2,296);
INSERT INTO auth_group_permissions (id,group_id,permission_id) VALUES (705,2,297);
INSERT INTO auth_group_permissions (id,group_id,permission_id) VALUES (706,2,298);
INSERT INTO auth_group_permissions (id,group_id,permission_id) VALUES (707,2,299);
INSERT INTO auth_group_permissions (id,group_id,permission_id) VALUES (708,2,300);
INSERT INTO auth_group_permissions (id,group_id,permission_id) VALUES (709,2,301);
INSERT INTO auth_group_permissions (id,group_id,permission_id) VALUES (710,2,302);
INSERT INTO auth_group_permissions (id,group_id,permission_id) VALUES (711,2,303);
INSERT INTO auth_group_permissions (id,group_id,permission_id) VALUES (712,2,304);
INSERT INTO auth_group_permissions (id,group_id,permission_id) VALUES (713,2,305);
INSERT INTO auth_group_permissions (id,group_id,permission_id) VALUES (714,2,306);
INSERT INTO auth_group_permissions (id,group_id,permission_id) VALUES (715,2,307);
INSERT INTO auth_group_permissions (id,group_id,permission_id) VALUES (716,2,308);
INSERT INTO auth_group_permissions (id,group_id,permission_id) VALUES (717,2,309);
INSERT INTO auth_group_permissions (id,group_id,permission_id) VALUES (718,2,310);
INSERT INTO auth_group_permissions (id,group_id,permission_id) VALUES (719,2,311);
INSERT INTO auth_group_permissions (id,group_id,permission_id) VALUES (720,2,312);
INSERT INTO auth_group_permissions (id,group_id,permission_id) VALUES (721,2,313);
INSERT INTO auth_group_permissions (id,group_id,permission_id) VALUES (722,2,314);
INSERT INTO auth_group_permissions (id,group_id,permission_id) VALUES (723,2,315);
INSERT INTO auth_group_permissions (id,group_id,permission_id) VALUES (724,2,316);
INSERT INTO auth_group_permissions (id,group_id,permission_id) VALUES (725,2,317);
INSERT INTO auth_group_permissions (id,group_id,permission_id) VALUES (726,2,318);
INSERT INTO auth_group_permissions (id,group_id,permission_id) VALUES (727,2,319);
INSERT INTO auth_group_permissions (id,group_id,permission_id) VALUES (728,2,320);
INSERT INTO auth_group_permissions (id,group_id,permission_id) VALUES (729,2,321);
INSERT INTO auth_group_permissions (id,group_id,permission_id) VALUES (730,2,322);
INSERT INTO auth_group_permissions (id,group_id,permission_id) VALUES (731,2,323);
INSERT INTO auth_group_permissions (id,group_id,permission_id) VALUES (732,2,324);
INSERT INTO auth_group_permissions (id,group_id,permission_id) VALUES (733,2,325);
INSERT INTO auth_group_permissions (id,group_id,permission_id) VALUES (734,2,326);
INSERT INTO auth_group_permissions (id,group_id,permission_id) VALUES (735,2,327);
INSERT INTO auth_group_permissions (id,group_id,permission_id) VALUES (736,2,328);
INSERT INTO auth_group_permissions (id,group_id,permission_id) VALUES (737,2,329);
INSERT INTO auth_group_permissions (id,group_id,permission_id) VALUES (738,2,330);
INSERT INTO auth_group_permissions (id,group_id,permission_id) VALUES (739,2,331);
INSERT INTO auth_group_permissions (id,group_id,permission_id) VALUES (740,2,332);
INSERT INTO auth_group_permissions (id,group_id,permission_id) VALUES (741,2,333);
INSERT INTO auth_group_permissions (id,group_id,permission_id) VALUES (742,2,334);
INSERT INTO auth_group_permissions (id,group_id,permission_id) VALUES (743,2,335);
INSERT INTO auth_group_permissions (id,group_id,permission_id) VALUES (744,2,336);
INSERT INTO auth_group_permissions (id,group_id,permission_id) VALUES (745,2,337);
INSERT INTO auth_group_permissions (id,group_id,permission_id) VALUES (746,2,338);
INSERT INTO auth_group_permissions (id,group_id,permission_id) VALUES (747,2,339);
INSERT INTO auth_group_permissions (id,group_id,permission_id) VALUES (748,2,340);
INSERT INTO auth_group_permissions (id,group_id,permission_id) VALUES (749,2,341);
INSERT INTO auth_group_permissions (id,group_id,permission_id) VALUES (750,2,342);
INSERT INTO auth_group_permissions (id,group_id,permission_id) VALUES (751,2,343);
INSERT INTO auth_group_permissions (id,group_id,permission_id) VALUES (752,2,344);
INSERT INTO auth_group_permissions (id,group_id,permission_id) VALUES (753,2,345);
INSERT INTO auth_group_permissions (id,group_id,permission_id) VALUES (754,2,346);
INSERT INTO auth_group_permissions (id,group_id,permission_id) VALUES (755,2,347);
INSERT INTO auth_group_permissions (id,group_id,permission_id) VALUES (756,2,348);
INSERT INTO auth_group_permissions (id,group_id,permission_id) VALUES (757,2,349);
INSERT INTO auth_group_permissions (id,group_id,permission_id) VALUES (758,2,350);
INSERT INTO auth_group_permissions (id,group_id,permission_id) VALUES (759,2,351);
INSERT INTO auth_group_permissions (id,group_id,permission_id) VALUES (760,2,352);
INSERT INTO auth_group_permissions (id,group_id,permission_id) VALUES (761,2,353);
INSERT INTO auth_group_permissions (id,group_id,permission_id) VALUES (762,2,354);
INSERT INTO auth_group_permissions (id,group_id,permission_id) VALUES (763,2,355);
INSERT INTO auth_group_permissions (id,group_id,permission_id) VALUES (764,2,356);
INSERT INTO auth_group_permissions (id,group_id,permission_id) VALUES (765,2,357);
INSERT INTO auth_group_permissions (id,group_id,permission_id) VALUES (766,2,358);
INSERT INTO auth_group_permissions (id,group_id,permission_id) VALUES (767,2,359);
INSERT INTO auth_group_permissions (id,group_id,permission_id) VALUES (768,2,360);
INSERT INTO auth_group_permissions (id,group_id,permission_id) VALUES (769,2,361);
INSERT INTO auth_group_permissions (id,group_id,permission_id) VALUES (770,2,362);
INSERT INTO auth_group_permissions (id,group_id,permission_id) VALUES (771,2,363);
INSERT INTO auth_group_permissions (id,group_id,permission_id) VALUES (772,2,364);
INSERT INTO auth_group_permissions (id,group_id,permission_id) VALUES (773,2,365);
INSERT INTO auth_group_permissions (id,group_id,permission_id) VALUES (774,2,366);
INSERT INTO auth_group_permissions (id,group_id,permission_id) VALUES (775,2,367);
INSERT INTO auth_group_permissions (id,group_id,permission_id) VALUES (776,2,368);
INSERT INTO auth_group_permissions (id,group_id,permission_id) VALUES (777,2,369);
INSERT INTO auth_group_permissions (id,group_id,permission_id) VALUES (778,2,370);
INSERT INTO auth_group_permissions (id,group_id,permission_id) VALUES (779,2,371);
INSERT INTO auth_group_permissions (id,group_id,permission_id) VALUES (780,2,372);
INSERT INTO auth_group_permissions (id,group_id,permission_id) VALUES (781,2,373);
INSERT INTO auth_group_permissions (id,group_id,permission_id) VALUES (782,2,374);
INSERT INTO auth_group_permissions (id,group_id,permission_id) VALUES (783,2,375);
INSERT INTO auth_group_permissions (id,group_id,permission_id) VALUES (784,2,376);
INSERT INTO auth_group_permissions (id,group_id,permission_id) VALUES (785,2,377);
INSERT INTO auth_group_permissions (id,group_id,permission_id) VALUES (786,2,378);
INSERT INTO auth_group_permissions (id,group_id,permission_id) VALUES (787,2,379);
INSERT INTO auth_group_permissions (id,group_id,permission_id) VALUES (788,2,380);
INSERT INTO auth_group_permissions (id,group_id,permission_id) VALUES (789,2,381);
INSERT INTO auth_group_permissions (id,group_id,permission_id) VALUES (790,2,382);
INSERT INTO auth_group_permissions (id,group_id,permission_id) VALUES (791,2,383);
INSERT INTO auth_group_permissions (id,group_id,permission_id) VALUES (792,2,384);
INSERT INTO auth_group_permissions (id,group_id,permission_id) VALUES (793,2,385);
INSERT INTO auth_group_permissions (id,group_id,permission_id) VALUES (794,2,386);
INSERT INTO auth_group_permissions (id,group_id,permission_id) VALUES (795,2,387);
INSERT INTO auth_group_permissions (id,group_id,permission_id) VALUES (796,2,388);
INSERT INTO auth_group_permissions (id,group_id,permission_id) VALUES (797,2,389);
INSERT INTO auth_group_permissions (id,group_id,permission_id) VALUES (798,2,390);
INSERT INTO auth_group_permissions (id,group_id,permission_id) VALUES (799,2,391);
INSERT INTO auth_group_permissions (id,group_id,permission_id) VALUES (800,2,392);
INSERT INTO auth_group_permissions (id,group_id,permission_id) VALUES (801,2,393);
INSERT INTO auth_group_permissions (id,group_id,permission_id) VALUES (802,2,394);
INSERT INTO auth_group_permissions (id,group_id,permission_id) VALUES (803,2,395);
INSERT INTO auth_group_permissions (id,group_id,permission_id) VALUES (804,2,396);
INSERT INTO auth_group_permissions (id,group_id,permission_id) VALUES (805,2,397);
INSERT INTO auth_group_permissions (id,group_id,permission_id) VALUES (806,2,398);
INSERT INTO auth_group_permissions (id,group_id,permission_id) VALUES (807,2,399);
INSERT INTO auth_group_permissions (id,group_id,permission_id) VALUES (808,2,400);
INSERT INTO auth_group_permissions (id,group_id,permission_id) VALUES (809,2,401);
INSERT INTO auth_group_permissions (id,group_id,permission_id) VALUES (810,2,402);
INSERT INTO auth_group_permissions (id,group_id,permission_id) VALUES (811,2,403);
INSERT INTO auth_group_permissions (id,group_id,permission_id) VALUES (812,2,404);
INSERT INTO auth_group_permissions (id,group_id,permission_id) VALUES (813,2,405);
INSERT INTO auth_group_permissions (id,group_id,permission_id) VALUES (814,2,406);
INSERT INTO auth_group_permissions (id,group_id,permission_id) VALUES (815,2,407);
INSERT INTO auth_group_permissions (id,group_id,permission_id) VALUES (816,2,408);
INSERT INTO auth_group_permissions (id,group_id,permission_id) VALUES (817,3,1);
INSERT INTO auth_group_permissions (id,group_id,permission_id) VALUES (818,3,2);
INSERT INTO auth_group_permissions (id,group_id,permission_id) VALUES (819,3,3);
INSERT INTO auth_group_permissions (id,group_id,permission_id) VALUES (820,3,4);
INSERT INTO auth_group_permissions (id,group_id,permission_id) VALUES (821,3,5);
INSERT INTO auth_group_permissions (id,group_id,permission_id) VALUES (822,3,6);
INSERT INTO auth_group_permissions (id,group_id,permission_id) VALUES (823,3,7);
INSERT INTO auth_group_permissions (id,group_id,permission_id) VALUES (824,3,8);
INSERT INTO auth_group_permissions (id,group_id,permission_id) VALUES (825,3,9);
INSERT INTO auth_group_permissions (id,group_id,permission_id) VALUES (826,3,10);
INSERT INTO auth_group_permissions (id,group_id,permission_id) VALUES (827,3,11);
INSERT INTO auth_group_permissions (id,group_id,permission_id) VALUES (828,3,12);
INSERT INTO auth_group_permissions (id,group_id,permission_id) VALUES (829,3,13);
INSERT INTO auth_group_permissions (id,group_id,permission_id) VALUES (830,3,14);
INSERT INTO auth_group_permissions (id,group_id,permission_id) VALUES (831,3,15);
INSERT INTO auth_group_permissions (id,group_id,permission_id) VALUES (832,3,16);
INSERT INTO auth_group_permissions (id,group_id,permission_id) VALUES (833,3,17);
INSERT INTO auth_group_permissions (id,group_id,permission_id) VALUES (834,3,18);
INSERT INTO auth_group_permissions (id,group_id,permission_id) VALUES (835,3,19);
INSERT INTO auth_group_permissions (id,group_id,permission_id) VALUES (836,3,20);
INSERT INTO auth_group_permissions (id,group_id,permission_id) VALUES (837,3,21);
INSERT INTO auth_group_permissions (id,group_id,permission_id) VALUES (838,3,22);
INSERT INTO auth_group_permissions (id,group_id,permission_id) VALUES (839,3,23);
INSERT INTO auth_group_permissions (id,group_id,permission_id) VALUES (840,3,24);
INSERT INTO auth_group_permissions (id,group_id,permission_id) VALUES (841,3,25);
INSERT INTO auth_group_permissions (id,group_id,permission_id) VALUES (842,3,26);
INSERT INTO auth_group_permissions (id,group_id,permission_id) VALUES (843,3,27);
INSERT INTO auth_group_permissions (id,group_id,permission_id) VALUES (844,3,28);
INSERT INTO auth_group_permissions (id,group_id,permission_id) VALUES (845,3,29);
INSERT INTO auth_group_permissions (id,group_id,permission_id) VALUES (846,3,30);
INSERT INTO auth_group_permissions (id,group_id,permission_id) VALUES (847,3,31);
INSERT INTO auth_group_permissions (id,group_id,permission_id) VALUES (848,3,32);
INSERT INTO auth_group_permissions (id,group_id,permission_id) VALUES (849,3,33);
INSERT INTO auth_group_permissions (id,group_id,permission_id) VALUES (850,3,34);
INSERT INTO auth_group_permissions (id,group_id,permission_id) VALUES (851,3,35);
INSERT INTO auth_group_permissions (id,group_id,permission_id) VALUES (852,3,36);
INSERT INTO auth_group_permissions (id,group_id,permission_id) VALUES (853,3,37);
INSERT INTO auth_group_permissions (id,group_id,permission_id) VALUES (854,3,38);
INSERT INTO auth_group_permissions (id,group_id,permission_id) VALUES (855,3,39);
INSERT INTO auth_group_permissions (id,group_id,permission_id) VALUES (856,3,40);
INSERT INTO auth_group_permissions (id,group_id,permission_id) VALUES (857,3,41);
INSERT INTO auth_group_permissions (id,group_id,permission_id) VALUES (858,3,42);
INSERT INTO auth_group_permissions (id,group_id,permission_id) VALUES (859,3,43);
INSERT INTO auth_group_permissions (id,group_id,permission_id) VALUES (860,3,44);
INSERT INTO auth_group_permissions (id,group_id,permission_id) VALUES (861,3,45);
INSERT INTO auth_group_permissions (id,group_id,permission_id) VALUES (862,3,46);
INSERT INTO auth_group_permissions (id,group_id,permission_id) VALUES (863,3,47);
INSERT INTO auth_group_permissions (id,group_id,permission_id) VALUES (864,3,48);
INSERT INTO auth_group_permissions (id,group_id,permission_id) VALUES (865,3,49);
INSERT INTO auth_group_permissions (id,group_id,permission_id) VALUES (866,3,50);
INSERT INTO auth_group_permissions (id,group_id,permission_id) VALUES (867,3,51);
INSERT INTO auth_group_permissions (id,group_id,permission_id) VALUES (868,3,52);
INSERT INTO auth_group_permissions (id,group_id,permission_id) VALUES (869,3,53);
INSERT INTO auth_group_permissions (id,group_id,permission_id) VALUES (870,3,54);
INSERT INTO auth_group_permissions (id,group_id,permission_id) VALUES (871,3,55);
INSERT INTO auth_group_permissions (id,group_id,permission_id) VALUES (872,3,56);
INSERT INTO auth_group_permissions (id,group_id,permission_id) VALUES (873,3,57);
INSERT INTO auth_group_permissions (id,group_id,permission_id) VALUES (874,3,58);
INSERT INTO auth_group_permissions (id,group_id,permission_id) VALUES (875,3,59);
INSERT INTO auth_group_permissions (id,group_id,permission_id) VALUES (876,3,60);
INSERT INTO auth_group_permissions (id,group_id,permission_id) VALUES (877,3,61);
INSERT INTO auth_group_permissions (id,group_id,permission_id) VALUES (878,3,62);
INSERT INTO auth_group_permissions (id,group_id,permission_id) VALUES (879,3,63);
INSERT INTO auth_group_permissions (id,group_id,permission_id) VALUES (880,3,64);
INSERT INTO auth_group_permissions (id,group_id,permission_id) VALUES (881,3,65);
INSERT INTO auth_group_permissions (id,group_id,permission_id) VALUES (882,3,66);
INSERT INTO auth_group_permissions (id,group_id,permission_id) VALUES (883,3,67);
INSERT INTO auth_group_permissions (id,group_id,permission_id) VALUES (884,3,68);
INSERT INTO auth_group_permissions (id,group_id,permission_id) VALUES (885,3,69);
INSERT INTO auth_group_permissions (id,group_id,permission_id) VALUES (886,3,70);
INSERT INTO auth_group_permissions (id,group_id,permission_id) VALUES (887,3,71);
INSERT INTO auth_group_permissions (id,group_id,permission_id) VALUES (888,3,72);
INSERT INTO auth_group_permissions (id,group_id,permission_id) VALUES (889,3,73);
INSERT INTO auth_group_permissions (id,group_id,permission_id) VALUES (890,3,74);
INSERT INTO auth_group_permissions (id,group_id,permission_id) VALUES (891,3,75);
INSERT INTO auth_group_permissions (id,group_id,permission_id) VALUES (892,3,76);
INSERT INTO auth_group_permissions (id,group_id,permission_id) VALUES (893,3,77);
INSERT INTO auth_group_permissions (id,group_id,permission_id) VALUES (894,3,78);
INSERT INTO auth_group_permissions (id,group_id,permission_id) VALUES (895,3,79);
INSERT INTO auth_group_permissions (id,group_id,permission_id) VALUES (896,3,80);
INSERT INTO auth_group_permissions (id,group_id,permission_id) VALUES (897,3,81);
INSERT INTO auth_group_permissions (id,group_id,permission_id) VALUES (898,3,82);
INSERT INTO auth_group_permissions (id,group_id,permission_id) VALUES (899,3,83);
INSERT INTO auth_group_permissions (id,group_id,permission_id) VALUES (900,3,84);
INSERT INTO auth_group_permissions (id,group_id,permission_id) VALUES (901,3,85);
INSERT INTO auth_group_permissions (id,group_id,permission_id) VALUES (902,3,86);
INSERT INTO auth_group_permissions (id,group_id,permission_id) VALUES (903,3,87);
INSERT INTO auth_group_permissions (id,group_id,permission_id) VALUES (904,3,88);
INSERT INTO auth_group_permissions (id,group_id,permission_id) VALUES (905,3,89);
INSERT INTO auth_group_permissions (id,group_id,permission_id) VALUES (906,3,90);
INSERT INTO auth_group_permissions (id,group_id,permission_id) VALUES (907,3,91);
INSERT INTO auth_group_permissions (id,group_id,permission_id) VALUES (908,3,92);
INSERT INTO auth_group_permissions (id,group_id,permission_id) VALUES (909,3,93);
INSERT INTO auth_group_permissions (id,group_id,permission_id) VALUES (910,3,94);
INSERT INTO auth_group_permissions (id,group_id,permission_id) VALUES (911,3,95);
INSERT INTO auth_group_permissions (id,group_id,permission_id) VALUES (912,3,96);
INSERT INTO auth_group_permissions (id,group_id,permission_id) VALUES (913,3,97);
INSERT INTO auth_group_permissions (id,group_id,permission_id) VALUES (914,3,98);
INSERT INTO auth_group_permissions (id,group_id,permission_id) VALUES (915,3,99);
INSERT INTO auth_group_permissions (id,group_id,permission_id) VALUES (916,3,100);
INSERT INTO auth_group_permissions (id,group_id,permission_id) VALUES (917,3,101);
INSERT INTO auth_group_permissions (id,group_id,permission_id) VALUES (918,3,102);
INSERT INTO auth_group_permissions (id,group_id,permission_id) VALUES (919,3,103);
INSERT INTO auth_group_permissions (id,group_id,permission_id) VALUES (920,3,104);
INSERT INTO auth_group_permissions (id,group_id,permission_id) VALUES (921,3,105);
INSERT INTO auth_group_permissions (id,group_id,permission_id) VALUES (922,3,106);
INSERT INTO auth_group_permissions (id,group_id,permission_id) VALUES (923,3,107);
INSERT INTO auth_group_permissions (id,group_id,permission_id) VALUES (924,3,108);
INSERT INTO auth_group_permissions (id,group_id,permission_id) VALUES (925,3,109);
INSERT INTO auth_group_permissions (id,group_id,permission_id) VALUES (926,3,110);
INSERT INTO auth_group_permissions (id,group_id,permission_id) VALUES (927,3,111);
INSERT INTO auth_group_permissions (id,group_id,permission_id) VALUES (928,3,112);
INSERT INTO auth_group_permissions (id,group_id,permission_id) VALUES (929,3,113);
INSERT INTO auth_group_permissions (id,group_id,permission_id) VALUES (930,3,114);
INSERT INTO auth_group_permissions (id,group_id,permission_id) VALUES (931,3,115);
INSERT INTO auth_group_permissions (id,group_id,permission_id) VALUES (932,3,116);
INSERT INTO auth_group_permissions (id,group_id,permission_id) VALUES (933,3,117);
INSERT INTO auth_group_permissions (id,group_id,permission_id) VALUES (934,3,118);
INSERT INTO auth_group_permissions (id,group_id,permission_id) VALUES (935,3,119);
INSERT INTO auth_group_permissions (id,group_id,permission_id) VALUES (936,3,120);
INSERT INTO auth_group_permissions (id,group_id,permission_id) VALUES (937,3,121);
INSERT INTO auth_group_permissions (id,group_id,permission_id) VALUES (938,3,122);
INSERT INTO auth_group_permissions (id,group_id,permission_id) VALUES (939,3,123);
INSERT INTO auth_group_permissions (id,group_id,permission_id) VALUES (940,3,124);
INSERT INTO auth_group_permissions (id,group_id,permission_id) VALUES (941,3,125);
INSERT INTO auth_group_permissions (id,group_id,permission_id) VALUES (942,3,126);
INSERT INTO auth_group_permissions (id,group_id,permission_id) VALUES (943,3,127);
INSERT INTO auth_group_permissions (id,group_id,permission_id) VALUES (944,3,128);
INSERT INTO auth_group_permissions (id,group_id,permission_id) VALUES (945,3,129);
INSERT INTO auth_group_permissions (id,group_id,permission_id) VALUES (946,3,130);
INSERT INTO auth_group_permissions (id,group_id,permission_id) VALUES (947,3,131);
INSERT INTO auth_group_permissions (id,group_id,permission_id) VALUES (948,3,132);
INSERT INTO auth_group_permissions (id,group_id,permission_id) VALUES (949,3,133);
INSERT INTO auth_group_permissions (id,group_id,permission_id) VALUES (950,3,134);
INSERT INTO auth_group_permissions (id,group_id,permission_id) VALUES (951,3,135);
INSERT INTO auth_group_permissions (id,group_id,permission_id) VALUES (952,3,136);
INSERT INTO auth_group_permissions (id,group_id,permission_id) VALUES (953,3,137);
INSERT INTO auth_group_permissions (id,group_id,permission_id) VALUES (954,3,138);
INSERT INTO auth_group_permissions (id,group_id,permission_id) VALUES (955,3,139);
INSERT INTO auth_group_permissions (id,group_id,permission_id) VALUES (956,3,140);
INSERT INTO auth_group_permissions (id,group_id,permission_id) VALUES (957,3,141);
INSERT INTO auth_group_permissions (id,group_id,permission_id) VALUES (958,3,142);
INSERT INTO auth_group_permissions (id,group_id,permission_id) VALUES (959,3,143);
INSERT INTO auth_group_permissions (id,group_id,permission_id) VALUES (960,3,144);
INSERT INTO auth_group_permissions (id,group_id,permission_id) VALUES (961,3,145);
INSERT INTO auth_group_permissions (id,group_id,permission_id) VALUES (962,3,146);
INSERT INTO auth_group_permissions (id,group_id,permission_id) VALUES (963,3,147);
INSERT INTO auth_group_permissions (id,group_id,permission_id) VALUES (964,3,148);
INSERT INTO auth_group_permissions (id,group_id,permission_id) VALUES (965,3,149);
INSERT INTO auth_group_permissions (id,group_id,permission_id) VALUES (966,3,150);
INSERT INTO auth_group_permissions (id,group_id,permission_id) VALUES (967,3,151);
INSERT INTO auth_group_permissions (id,group_id,permission_id) VALUES (968,3,152);
INSERT INTO auth_group_permissions (id,group_id,permission_id) VALUES (969,3,153);
INSERT INTO auth_group_permissions (id,group_id,permission_id) VALUES (970,3,154);
INSERT INTO auth_group_permissions (id,group_id,permission_id) VALUES (971,3,155);
INSERT INTO auth_group_permissions (id,group_id,permission_id) VALUES (972,3,156);
INSERT INTO auth_group_permissions (id,group_id,permission_id) VALUES (973,3,157);
INSERT INTO auth_group_permissions (id,group_id,permission_id) VALUES (974,3,158);
INSERT INTO auth_group_permissions (id,group_id,permission_id) VALUES (975,3,159);
INSERT INTO auth_group_permissions (id,group_id,permission_id) VALUES (976,3,160);
INSERT INTO auth_group_permissions (id,group_id,permission_id) VALUES (977,3,161);
INSERT INTO auth_group_permissions (id,group_id,permission_id) VALUES (978,3,162);
INSERT INTO auth_group_permissions (id,group_id,permission_id) VALUES (979,3,163);
INSERT INTO auth_group_permissions (id,group_id,permission_id) VALUES (980,3,164);
INSERT INTO auth_group_permissions (id,group_id,permission_id) VALUES (981,3,165);
INSERT INTO auth_group_permissions (id,group_id,permission_id) VALUES (982,3,166);
INSERT INTO auth_group_permissions (id,group_id,permission_id) VALUES (983,3,167);
INSERT INTO auth_group_permissions (id,group_id,permission_id) VALUES (984,3,168);
INSERT INTO auth_group_permissions (id,group_id,permission_id) VALUES (985,3,169);
INSERT INTO auth_group_permissions (id,group_id,permission_id) VALUES (986,3,170);
INSERT INTO auth_group_permissions (id,group_id,permission_id) VALUES (987,3,171);
INSERT INTO auth_group_permissions (id,group_id,permission_id) VALUES (988,3,172);
INSERT INTO auth_group_permissions (id,group_id,permission_id) VALUES (989,3,173);
INSERT INTO auth_group_permissions (id,group_id,permission_id) VALUES (990,3,174);
INSERT INTO auth_group_permissions (id,group_id,permission_id) VALUES (991,3,175);
INSERT INTO auth_group_permissions (id,group_id,permission_id) VALUES (992,3,176);
INSERT INTO auth_group_permissions (id,group_id,permission_id) VALUES (993,3,177);
INSERT INTO auth_group_permissions (id,group_id,permission_id) VALUES (994,3,178);
INSERT INTO auth_group_permissions (id,group_id,permission_id) VALUES (995,3,179);
INSERT INTO auth_group_permissions (id,group_id,permission_id) VALUES (996,3,180);
INSERT INTO auth_group_permissions (id,group_id,permission_id) VALUES (997,3,181);
INSERT INTO auth_group_permissions (id,group_id,permission_id) VALUES (998,3,182);
INSERT INTO auth_group_permissions (id,group_id,permission_id) VALUES (999,3,183);
INSERT INTO auth_group_permissions (id,group_id,permission_id) VALUES (1000,3,184);
INSERT INTO auth_group_permissions (id,group_id,permission_id) VALUES (1001,3,185);
INSERT INTO auth_group_permissions (id,group_id,permission_id) VALUES (1002,3,186);
INSERT INTO auth_group_permissions (id,group_id,permission_id) VALUES (1003,3,187);
INSERT INTO auth_group_permissions (id,group_id,permission_id) VALUES (1004,3,188);
INSERT INTO auth_group_permissions (id,group_id,permission_id) VALUES (1005,3,189);
INSERT INTO auth_group_permissions (id,group_id,permission_id) VALUES (1006,3,190);
INSERT INTO auth_group_permissions (id,group_id,permission_id) VALUES (1007,3,191);
INSERT INTO auth_group_permissions (id,group_id,permission_id) VALUES (1008,3,192);
INSERT INTO auth_group_permissions (id,group_id,permission_id) VALUES (1009,3,193);
INSERT INTO auth_group_permissions (id,group_id,permission_id) VALUES (1010,3,194);
INSERT INTO auth_group_permissions (id,group_id,permission_id) VALUES (1011,3,195);
INSERT INTO auth_group_permissions (id,group_id,permission_id) VALUES (1012,3,196);
INSERT INTO auth_group_permissions (id,group_id,permission_id) VALUES (1013,3,197);
INSERT INTO auth_group_permissions (id,group_id,permission_id) VALUES (1014,3,198);
INSERT INTO auth_group_permissions (id,group_id,permission_id) VALUES (1015,3,199);
INSERT INTO auth_group_permissions (id,group_id,permission_id) VALUES (1016,3,200);
INSERT INTO auth_group_permissions (id,group_id,permission_id) VALUES (1017,3,201);
INSERT INTO auth_group_permissions (id,group_id,permission_id) VALUES (1018,3,202);
INSERT INTO auth_group_permissions (id,group_id,permission_id) VALUES (1019,3,203);
INSERT INTO auth_group_permissions (id,group_id,permission_id) VALUES (1020,3,204);
INSERT INTO auth_group_permissions (id,group_id,permission_id) VALUES (1021,3,205);
INSERT INTO auth_group_permissions (id,group_id,permission_id) VALUES (1022,3,206);
INSERT INTO auth_group_permissions (id,group_id,permission_id) VALUES (1023,3,207);
INSERT INTO auth_group_permissions (id,group_id,permission_id) VALUES (1024,3,208);
INSERT INTO auth_group_permissions (id,group_id,permission_id) VALUES (1025,3,209);
INSERT INTO auth_group_permissions (id,group_id,permission_id) VALUES (1026,3,210);
INSERT INTO auth_group_permissions (id,group_id,permission_id) VALUES (1027,3,211);
INSERT INTO auth_group_permissions (id,group_id,permission_id) VALUES (1028,3,212);
INSERT INTO auth_group_permissions (id,group_id,permission_id) VALUES (1029,3,213);
INSERT INTO auth_group_permissions (id,group_id,permission_id) VALUES (1030,3,214);
INSERT INTO auth_group_permissions (id,group_id,permission_id) VALUES (1031,3,215);
INSERT INTO auth_group_permissions (id,group_id,permission_id) VALUES (1032,3,216);
INSERT INTO auth_group_permissions (id,group_id,permission_id) VALUES (1033,3,217);
INSERT INTO auth_group_permissions (id,group_id,permission_id) VALUES (1034,3,218);
INSERT INTO auth_group_permissions (id,group_id,permission_id) VALUES (1035,3,219);
INSERT INTO auth_group_permissions (id,group_id,permission_id) VALUES (1036,3,220);
INSERT INTO auth_group_permissions (id,group_id,permission_id) VALUES (1037,3,221);
INSERT INTO auth_group_permissions (id,group_id,permission_id) VALUES (1038,3,222);
INSERT INTO auth_group_permissions (id,group_id,permission_id) VALUES (1039,3,223);
INSERT INTO auth_group_permissions (id,group_id,permission_id) VALUES (1040,3,224);
INSERT INTO auth_group_permissions (id,group_id,permission_id) VALUES (1041,3,225);
INSERT INTO auth_group_permissions (id,group_id,permission_id) VALUES (1042,3,226);
INSERT INTO auth_group_permissions (id,group_id,permission_id) VALUES (1043,3,227);
INSERT INTO auth_group_permissions (id,group_id,permission_id) VALUES (1044,3,228);
INSERT INTO auth_group_permissions (id,group_id,permission_id) VALUES (1045,3,229);
INSERT INTO auth_group_permissions (id,group_id,permission_id) VALUES (1046,3,230);
INSERT INTO auth_group_permissions (id,group_id,permission_id) VALUES (1047,3,231);
INSERT INTO auth_group_permissions (id,group_id,permission_id) VALUES (1048,3,232);
INSERT INTO auth_group_permissions (id,group_id,permission_id) VALUES (1049,3,233);
INSERT INTO auth_group_permissions (id,group_id,permission_id) VALUES (1050,3,234);
INSERT INTO auth_group_permissions (id,group_id,permission_id) VALUES (1051,3,235);
INSERT INTO auth_group_permissions (id,group_id,permission_id) VALUES (1052,3,236);
INSERT INTO auth_group_permissions (id,group_id,permission_id) VALUES (1053,3,237);
INSERT INTO auth_group_permissions (id,group_id,permission_id) VALUES (1054,3,238);
INSERT INTO auth_group_permissions (id,group_id,permission_id) VALUES (1055,3,239);
INSERT INTO auth_group_permissions (id,group_id,permission_id) VALUES (1056,3,240);
INSERT INTO auth_group_permissions (id,group_id,permission_id) VALUES (1057,3,241);
INSERT INTO auth_group_permissions (id,group_id,permission_id) VALUES (1058,3,242);
INSERT INTO auth_group_permissions (id,group_id,permission_id) VALUES (1059,3,243);
INSERT INTO auth_group_permissions (id,group_id,permission_id) VALUES (1060,3,244);
INSERT INTO auth_group_permissions (id,group_id,permission_id) VALUES (1061,3,245);
INSERT INTO auth_group_permissions (id,group_id,permission_id) VALUES (1062,3,246);
INSERT INTO auth_group_permissions (id,group_id,permission_id) VALUES (1063,3,247);
INSERT INTO auth_group_permissions (id,group_id,permission_id) VALUES (1064,3,248);
INSERT INTO auth_group_permissions (id,group_id,permission_id) VALUES (1065,3,249);
INSERT INTO auth_group_permissions (id,group_id,permission_id) VALUES (1066,3,250);
INSERT INTO auth_group_permissions (id,group_id,permission_id) VALUES (1067,3,251);
INSERT INTO auth_group_permissions (id,group_id,permission_id) VALUES (1068,3,252);
INSERT INTO auth_group_permissions (id,group_id,permission_id) VALUES (1069,3,253);
INSERT INTO auth_group_permissions (id,group_id,permission_id) VALUES (1070,3,254);
INSERT INTO auth_group_permissions (id,group_id,permission_id) VALUES (1071,3,255);
INSERT INTO auth_group_permissions (id,group_id,permission_id) VALUES (1072,3,256);
INSERT INTO auth_group_permissions (id,group_id,permission_id) VALUES (1073,3,257);
INSERT INTO auth_group_permissions (id,group_id,permission_id) VALUES (1074,3,258);
INSERT INTO auth_group_permissions (id,group_id,permission_id) VALUES (1075,3,259);
INSERT INTO auth_group_permissions (id,group_id,permission_id) VALUES (1076,3,260);
INSERT INTO auth_group_permissions (id,group_id,permission_id) VALUES (1077,3,261);
INSERT INTO auth_group_permissions (id,group_id,permission_id) VALUES (1078,3,262);
INSERT INTO auth_group_permissions (id,group_id,permission_id) VALUES (1079,3,263);
INSERT INTO auth_group_permissions (id,group_id,permission_id) VALUES (1080,3,264);
INSERT INTO auth_group_permissions (id,group_id,permission_id) VALUES (1081,3,265);
INSERT INTO auth_group_permissions (id,group_id,permission_id) VALUES (1082,3,266);
INSERT INTO auth_group_permissions (id,group_id,permission_id) VALUES (1083,3,267);
INSERT INTO auth_group_permissions (id,group_id,permission_id) VALUES (1084,3,268);
INSERT INTO auth_group_permissions (id,group_id,permission_id) VALUES (1085,3,269);
INSERT INTO auth_group_permissions (id,group_id,permission_id) VALUES (1086,3,270);
INSERT INTO auth_group_permissions (id,group_id,permission_id) VALUES (1087,3,271);
INSERT INTO auth_group_permissions (id,group_id,permission_id) VALUES (1088,3,272);
INSERT INTO auth_group_permissions (id,group_id,permission_id) VALUES (1089,3,273);
INSERT INTO auth_group_permissions (id,group_id,permission_id) VALUES (1090,3,274);
INSERT INTO auth_group_permissions (id,group_id,permission_id) VALUES (1091,3,275);
INSERT INTO auth_group_permissions (id,group_id,permission_id) VALUES (1092,3,276);
INSERT INTO auth_group_permissions (id,group_id,permission_id) VALUES (1093,3,277);
INSERT INTO auth_group_permissions (id,group_id,permission_id) VALUES (1094,3,278);
INSERT INTO auth_group_permissions (id,group_id,permission_id) VALUES (1095,3,279);
INSERT INTO auth_group_permissions (id,group_id,permission_id) VALUES (1096,3,280);
INSERT INTO auth_group_permissions (id,group_id,permission_id) VALUES (1097,3,281);
INSERT INTO auth_group_permissions (id,group_id,permission_id) VALUES (1098,3,282);
INSERT INTO auth_group_permissions (id,group_id,permission_id) VALUES (1099,3,283);
INSERT INTO auth_group_permissions (id,group_id,permission_id) VALUES (1100,3,284);
INSERT INTO auth_group_permissions (id,group_id,permission_id) VALUES (1101,3,285);
INSERT INTO auth_group_permissions (id,group_id,permission_id) VALUES (1102,3,286);
INSERT INTO auth_group_permissions (id,group_id,permission_id) VALUES (1103,3,287);
INSERT INTO auth_group_permissions (id,group_id,permission_id) VALUES (1104,3,288);
INSERT INTO auth_group_permissions (id,group_id,permission_id) VALUES (1105,3,289);
INSERT INTO auth_group_permissions (id,group_id,permission_id) VALUES (1106,3,290);
INSERT INTO auth_group_permissions (id,group_id,permission_id) VALUES (1107,3,291);
INSERT INTO auth_group_permissions (id,group_id,permission_id) VALUES (1108,3,292);
INSERT INTO auth_group_permissions (id,group_id,permission_id) VALUES (1109,3,293);
INSERT INTO auth_group_permissions (id,group_id,permission_id) VALUES (1110,3,294);
INSERT INTO auth_group_permissions (id,group_id,permission_id) VALUES (1111,3,295);
INSERT INTO auth_group_permissions (id,group_id,permission_id) VALUES (1112,3,296);
INSERT INTO auth_group_permissions (id,group_id,permission_id) VALUES (1113,3,297);
INSERT INTO auth_group_permissions (id,group_id,permission_id) VALUES (1114,3,298);
INSERT INTO auth_group_permissions (id,group_id,permission_id) VALUES (1115,3,299);
INSERT INTO auth_group_permissions (id,group_id,permission_id) VALUES (1116,3,300);
INSERT INTO auth_group_permissions (id,group_id,permission_id) VALUES (1117,3,301);
INSERT INTO auth_group_permissions (id,group_id,permission_id) VALUES (1118,3,302);
INSERT INTO auth_group_permissions (id,group_id,permission_id) VALUES (1119,3,303);
INSERT INTO auth_group_permissions (id,group_id,permission_id) VALUES (1120,3,304);
INSERT INTO auth_group_permissions (id,group_id,permission_id) VALUES (1121,3,305);
INSERT INTO auth_group_permissions (id,group_id,permission_id) VALUES (1122,3,306);
INSERT INTO auth_group_permissions (id,group_id,permission_id) VALUES (1123,3,307);
INSERT INTO auth_group_permissions (id,group_id,permission_id) VALUES (1124,3,308);
INSERT INTO auth_group_permissions (id,group_id,permission_id) VALUES (1125,3,309);
INSERT INTO auth_group_permissions (id,group_id,permission_id) VALUES (1126,3,310);
INSERT INTO auth_group_permissions (id,group_id,permission_id) VALUES (1127,3,311);
INSERT INTO auth_group_permissions (id,group_id,permission_id) VALUES (1128,3,312);
INSERT INTO auth_group_permissions (id,group_id,permission_id) VALUES (1129,3,313);
INSERT INTO auth_group_permissions (id,group_id,permission_id) VALUES (1130,3,314);
INSERT INTO auth_group_permissions (id,group_id,permission_id) VALUES (1131,3,315);
INSERT INTO auth_group_permissions (id,group_id,permission_id) VALUES (1132,3,316);
INSERT INTO auth_group_permissions (id,group_id,permission_id) VALUES (1133,3,317);
INSERT INTO auth_group_permissions (id,group_id,permission_id) VALUES (1134,3,318);
INSERT INTO auth_group_permissions (id,group_id,permission_id) VALUES (1135,3,319);
INSERT INTO auth_group_permissions (id,group_id,permission_id) VALUES (1136,3,320);
INSERT INTO auth_group_permissions (id,group_id,permission_id) VALUES (1137,3,321);
INSERT INTO auth_group_permissions (id,group_id,permission_id) VALUES (1138,3,322);
INSERT INTO auth_group_permissions (id,group_id,permission_id) VALUES (1139,3,323);
INSERT INTO auth_group_permissions (id,group_id,permission_id) VALUES (1140,3,324);
INSERT INTO auth_group_permissions (id,group_id,permission_id) VALUES (1141,3,325);
INSERT INTO auth_group_permissions (id,group_id,permission_id) VALUES (1142,3,326);
INSERT INTO auth_group_permissions (id,group_id,permission_id) VALUES (1143,3,327);
INSERT INTO auth_group_permissions (id,group_id,permission_id) VALUES (1144,3,328);
INSERT INTO auth_group_permissions (id,group_id,permission_id) VALUES (1145,3,329);
INSERT INTO auth_group_permissions (id,group_id,permission_id) VALUES (1146,3,330);
INSERT INTO auth_group_permissions (id,group_id,permission_id) VALUES (1147,3,331);
INSERT INTO auth_group_permissions (id,group_id,permission_id) VALUES (1148,3,332);
INSERT INTO auth_group_permissions (id,group_id,permission_id) VALUES (1149,3,333);
INSERT INTO auth_group_permissions (id,group_id,permission_id) VALUES (1150,3,334);
INSERT INTO auth_group_permissions (id,group_id,permission_id) VALUES (1151,3,335);
INSERT INTO auth_group_permissions (id,group_id,permission_id) VALUES (1152,3,336);
INSERT INTO auth_group_permissions (id,group_id,permission_id) VALUES (1153,3,337);
INSERT INTO auth_group_permissions (id,group_id,permission_id) VALUES (1154,3,338);
INSERT INTO auth_group_permissions (id,group_id,permission_id) VALUES (1155,3,339);
INSERT INTO auth_group_permissions (id,group_id,permission_id) VALUES (1156,3,340);
INSERT INTO auth_group_permissions (id,group_id,permission_id) VALUES (1157,3,341);
INSERT INTO auth_group_permissions (id,group_id,permission_id) VALUES (1158,3,342);
INSERT INTO auth_group_permissions (id,group_id,permission_id) VALUES (1159,3,343);
INSERT INTO auth_group_permissions (id,group_id,permission_id) VALUES (1160,3,344);
INSERT INTO auth_group_permissions (id,group_id,permission_id) VALUES (1161,3,345);
INSERT INTO auth_group_permissions (id,group_id,permission_id) VALUES (1162,3,346);
INSERT INTO auth_group_permissions (id,group_id,permission_id) VALUES (1163,3,347);
INSERT INTO auth_group_permissions (id,group_id,permission_id) VALUES (1164,3,348);
INSERT INTO auth_group_permissions (id,group_id,permission_id) VALUES (1165,3,349);
INSERT INTO auth_group_permissions (id,group_id,permission_id) VALUES (1166,3,350);
INSERT INTO auth_group_permissions (id,group_id,permission_id) VALUES (1167,3,351);
INSERT INTO auth_group_permissions (id,group_id,permission_id) VALUES (1168,3,352);
INSERT INTO auth_group_permissions (id,group_id,permission_id) VALUES (1169,3,353);
INSERT INTO auth_group_permissions (id,group_id,permission_id) VALUES (1170,3,354);
INSERT INTO auth_group_permissions (id,group_id,permission_id) VALUES (1171,3,355);
INSERT INTO auth_group_permissions (id,group_id,permission_id) VALUES (1172,3,356);
INSERT INTO auth_group_permissions (id,group_id,permission_id) VALUES (1173,3,357);
INSERT INTO auth_group_permissions (id,group_id,permission_id) VALUES (1174,3,358);
INSERT INTO auth_group_permissions (id,group_id,permission_id) VALUES (1175,3,359);
INSERT INTO auth_group_permissions (id,group_id,permission_id) VALUES (1176,3,360);
INSERT INTO auth_group_permissions (id,group_id,permission_id) VALUES (1177,3,361);
INSERT INTO auth_group_permissions (id,group_id,permission_id) VALUES (1178,3,362);
INSERT INTO auth_group_permissions (id,group_id,permission_id) VALUES (1179,3,363);
INSERT INTO auth_group_permissions (id,group_id,permission_id) VALUES (1180,3,364);
INSERT INTO auth_group_permissions (id,group_id,permission_id) VALUES (1181,3,365);
INSERT INTO auth_group_permissions (id,group_id,permission_id) VALUES (1182,3,366);
INSERT INTO auth_group_permissions (id,group_id,permission_id) VALUES (1183,3,367);
INSERT INTO auth_group_permissions (id,group_id,permission_id) VALUES (1184,3,368);
INSERT INTO auth_group_permissions (id,group_id,permission_id) VALUES (1185,3,369);
INSERT INTO auth_group_permissions (id,group_id,permission_id) VALUES (1186,3,370);
INSERT INTO auth_group_permissions (id,group_id,permission_id) VALUES (1187,3,371);
INSERT INTO auth_group_permissions (id,group_id,permission_id) VALUES (1188,3,372);
INSERT INTO auth_group_permissions (id,group_id,permission_id) VALUES (1189,3,373);
INSERT INTO auth_group_permissions (id,group_id,permission_id) VALUES (1190,3,374);
INSERT INTO auth_group_permissions (id,group_id,permission_id) VALUES (1191,3,375);
INSERT INTO auth_group_permissions (id,group_id,permission_id) VALUES (1192,3,376);
INSERT INTO auth_group_permissions (id,group_id,permission_id) VALUES (1193,3,377);
INSERT INTO auth_group_permissions (id,group_id,permission_id) VALUES (1194,3,378);
INSERT INTO auth_group_permissions (id,group_id,permission_id) VALUES (1195,3,379);
INSERT INTO auth_group_permissions (id,group_id,permission_id) VALUES (1196,3,380);
INSERT INTO auth_group_permissions (id,group_id,permission_id) VALUES (1197,3,381);
INSERT INTO auth_group_permissions (id,group_id,permission_id) VALUES (1198,3,382);
INSERT INTO auth_group_permissions (id,group_id,permission_id) VALUES (1199,3,383);
INSERT INTO auth_group_permissions (id,group_id,permission_id) VALUES (1200,3,384);
INSERT INTO auth_group_permissions (id,group_id,permission_id) VALUES (1201,3,385);
INSERT INTO auth_group_permissions (id,group_id,permission_id) VALUES (1202,3,386);
INSERT INTO auth_group_permissions (id,group_id,permission_id) VALUES (1203,3,387);
INSERT INTO auth_group_permissions (id,group_id,permission_id) VALUES (1204,3,388);
INSERT INTO auth_group_permissions (id,group_id,permission_id) VALUES (1205,3,389);
INSERT INTO auth_group_permissions (id,group_id,permission_id) VALUES (1206,3,390);
INSERT INTO auth_group_permissions (id,group_id,permission_id) VALUES (1207,3,391);
INSERT INTO auth_group_permissions (id,group_id,permission_id) VALUES (1208,3,392);
INSERT INTO auth_group_permissions (id,group_id,permission_id) VALUES (1209,3,393);
INSERT INTO auth_group_permissions (id,group_id,permission_id) VALUES (1210,3,394);
INSERT INTO auth_group_permissions (id,group_id,permission_id) VALUES (1211,3,395);
INSERT INTO auth_group_permissions (id,group_id,permission_id) VALUES (1212,3,396);
INSERT INTO auth_group_permissions (id,group_id,permission_id) VALUES (1213,3,397);
INSERT INTO auth_group_permissions (id,group_id,permission_id) VALUES (1214,3,398);
INSERT INTO auth_group_permissions (id,group_id,permission_id) VALUES (1215,3,399);
INSERT INTO auth_group_permissions (id,group_id,permission_id) VALUES (1216,3,400);
INSERT INTO auth_group_permissions (id,group_id,permission_id) VALUES (1217,3,401);
INSERT INTO auth_group_permissions (id,group_id,permission_id) VALUES (1218,3,402);
INSERT INTO auth_group_permissions (id,group_id,permission_id) VALUES (1219,3,403);
INSERT INTO auth_group_permissions (id,group_id,permission_id) VALUES (1220,3,404);
INSERT INTO auth_group_permissions (id,group_id,permission_id) VALUES (1221,3,405);
INSERT INTO auth_group_permissions (id,group_id,permission_id) VALUES (1222,3,406);
INSERT INTO auth_group_permissions (id,group_id,permission_id) VALUES (1223,3,407);
INSERT INTO auth_group_permissions (id,group_id,permission_id) VALUES (1224,3,408);
INSERT INTO auth_group_permissions (id,group_id,permission_id) VALUES (1225,4,21);
INSERT INTO auth_group_permissions (id,group_id,permission_id) VALUES (1226,4,22);
INSERT INTO auth_group_permissions (id,group_id,permission_id) VALUES (1227,4,23);
INSERT INTO auth_group_permissions (id,group_id,permission_id) VALUES (1228,4,24);
INSERT INTO auth_group_permissions (id,group_id,permission_id) VALUES (1229,4,25);
INSERT INTO auth_group_permissions (id,group_id,permission_id) VALUES (1230,4,26);
INSERT INTO auth_group_permissions (id,group_id,permission_id) VALUES (1231,4,27);
INSERT INTO auth_group_permissions (id,group_id,permission_id) VALUES (1232,4,28);
INSERT INTO auth_group_permissions (id,group_id,permission_id) VALUES (1233,4,29);
INSERT INTO auth_group_permissions (id,group_id,permission_id) VALUES (1234,4,30);
INSERT INTO auth_group_permissions (id,group_id,permission_id) VALUES (1235,4,31);
INSERT INTO auth_group_permissions (id,group_id,permission_id) VALUES (1236,4,32);
INSERT INTO auth_group_permissions (id,group_id,permission_id) VALUES (1237,4,33);
INSERT INTO auth_group_permissions (id,group_id,permission_id) VALUES (1238,4,34);
INSERT INTO auth_group_permissions (id,group_id,permission_id) VALUES (1239,4,35);
INSERT INTO auth_group_permissions (id,group_id,permission_id) VALUES (1240,4,36);
INSERT INTO auth_group_permissions (id,group_id,permission_id) VALUES (1241,4,37);
INSERT INTO auth_group_permissions (id,group_id,permission_id) VALUES (1242,4,38);
INSERT INTO auth_group_permissions (id,group_id,permission_id) VALUES (1243,4,39);
INSERT INTO auth_group_permissions (id,group_id,permission_id) VALUES (1244,4,40);
INSERT INTO auth_group_permissions (id,group_id,permission_id) VALUES (1245,4,41);
INSERT INTO auth_group_permissions (id,group_id,permission_id) VALUES (1246,4,42);
INSERT INTO auth_group_permissions (id,group_id,permission_id) VALUES (1247,4,43);
INSERT INTO auth_group_permissions (id,group_id,permission_id) VALUES (1248,4,44);
INSERT INTO auth_group_permissions (id,group_id,permission_id) VALUES (1249,4,45);
INSERT INTO auth_group_permissions (id,group_id,permission_id) VALUES (1250,4,46);
INSERT INTO auth_group_permissions (id,group_id,permission_id) VALUES (1251,4,47);
INSERT INTO auth_group_permissions (id,group_id,permission_id) VALUES (1252,4,48);
INSERT INTO auth_group_permissions (id,group_id,permission_id) VALUES (1253,4,49);
INSERT INTO auth_group_permissions (id,group_id,permission_id) VALUES (1254,4,50);
INSERT INTO auth_group_permissions (id,group_id,permission_id) VALUES (1255,4,51);
INSERT INTO auth_group_permissions (id,group_id,permission_id) VALUES (1256,4,52);
INSERT INTO auth_group_permissions (id,group_id,permission_id) VALUES (1257,4,53);
INSERT INTO auth_group_permissions (id,group_id,permission_id) VALUES (1258,4,54);
INSERT INTO auth_group_permissions (id,group_id,permission_id) VALUES (1259,4,55);
INSERT INTO auth_group_permissions (id,group_id,permission_id) VALUES (1260,4,56);
INSERT INTO auth_group_permissions (id,group_id,permission_id) VALUES (1261,4,57);
INSERT INTO auth_group_permissions (id,group_id,permission_id) VALUES (1262,4,58);
INSERT INTO auth_group_permissions (id,group_id,permission_id) VALUES (1263,4,59);
INSERT INTO auth_group_permissions (id,group_id,permission_id) VALUES (1264,4,60);
INSERT INTO auth_group_permissions (id,group_id,permission_id) VALUES (1265,4,61);
INSERT INTO auth_group_permissions (id,group_id,permission_id) VALUES (1266,4,62);
INSERT INTO auth_group_permissions (id,group_id,permission_id) VALUES (1267,4,63);
INSERT INTO auth_group_permissions (id,group_id,permission_id) VALUES (1268,4,64);
INSERT INTO auth_group_permissions (id,group_id,permission_id) VALUES (1269,4,65);
INSERT INTO auth_group_permissions (id,group_id,permission_id) VALUES (1270,4,66);
INSERT INTO auth_group_permissions (id,group_id,permission_id) VALUES (1271,4,67);
INSERT INTO auth_group_permissions (id,group_id,permission_id) VALUES (1272,4,68);
INSERT INTO auth_group_permissions (id,group_id,permission_id) VALUES (1273,4,69);
INSERT INTO auth_group_permissions (id,group_id,permission_id) VALUES (1274,4,70);
INSERT INTO auth_group_permissions (id,group_id,permission_id) VALUES (1275,4,71);
INSERT INTO auth_group_permissions (id,group_id,permission_id) VALUES (1276,4,72);
INSERT INTO auth_group_permissions (id,group_id,permission_id) VALUES (1277,4,73);
INSERT INTO auth_group_permissions (id,group_id,permission_id) VALUES (1278,4,74);
INSERT INTO auth_group_permissions (id,group_id,permission_id) VALUES (1279,4,75);
INSERT INTO auth_group_permissions (id,group_id,permission_id) VALUES (1280,4,76);
INSERT INTO auth_group_permissions (id,group_id,permission_id) VALUES (1281,4,77);
INSERT INTO auth_group_permissions (id,group_id,permission_id) VALUES (1282,4,78);
INSERT INTO auth_group_permissions (id,group_id,permission_id) VALUES (1283,4,79);
INSERT INTO auth_group_permissions (id,group_id,permission_id) VALUES (1284,4,80);
INSERT INTO auth_group_permissions (id,group_id,permission_id) VALUES (1285,4,81);
INSERT INTO auth_group_permissions (id,group_id,permission_id) VALUES (1286,4,82);
INSERT INTO auth_group_permissions (id,group_id,permission_id) VALUES (1287,4,83);
INSERT INTO auth_group_permissions (id,group_id,permission_id) VALUES (1288,4,84);
INSERT INTO auth_group_permissions (id,group_id,permission_id) VALUES (1289,4,85);
INSERT INTO auth_group_permissions (id,group_id,permission_id) VALUES (1290,4,86);
INSERT INTO auth_group_permissions (id,group_id,permission_id) VALUES (1291,4,87);
INSERT INTO auth_group_permissions (id,group_id,permission_id) VALUES (1292,4,88);
INSERT INTO auth_group_permissions (id,group_id,permission_id) VALUES (1293,4,89);
INSERT INTO auth_group_permissions (id,group_id,permission_id) VALUES (1294,4,90);
INSERT INTO auth_group_permissions (id,group_id,permission_id) VALUES (1295,4,91);
INSERT INTO auth_group_permissions (id,group_id,permission_id) VALUES (1296,4,92);
INSERT INTO auth_group_permissions (id,group_id,permission_id) VALUES (1297,4,93);
INSERT INTO auth_group_permissions (id,group_id,permission_id) VALUES (1298,4,94);
INSERT INTO auth_group_permissions (id,group_id,permission_id) VALUES (1299,4,95);
INSERT INTO auth_group_permissions (id,group_id,permission_id) VALUES (1300,4,96);
INSERT INTO auth_group_permissions (id,group_id,permission_id) VALUES (1301,4,97);
INSERT INTO auth_group_permissions (id,group_id,permission_id) VALUES (1302,4,98);
INSERT INTO auth_group_permissions (id,group_id,permission_id) VALUES (1303,4,99);
INSERT INTO auth_group_permissions (id,group_id,permission_id) VALUES (1304,4,100);
INSERT INTO auth_group_permissions (id,group_id,permission_id) VALUES (1305,4,101);
INSERT INTO auth_group_permissions (id,group_id,permission_id) VALUES (1306,4,102);
INSERT INTO auth_group_permissions (id,group_id,permission_id) VALUES (1307,4,103);
INSERT INTO auth_group_permissions (id,group_id,permission_id) VALUES (1308,4,104);
INSERT INTO auth_group_permissions (id,group_id,permission_id) VALUES (1309,4,105);
INSERT INTO auth_group_permissions (id,group_id,permission_id) VALUES (1310,4,106);
INSERT INTO auth_group_permissions (id,group_id,permission_id) VALUES (1311,4,107);
INSERT INTO auth_group_permissions (id,group_id,permission_id) VALUES (1312,4,108);
INSERT INTO auth_group_permissions (id,group_id,permission_id) VALUES (1313,4,109);
INSERT INTO auth_group_permissions (id,group_id,permission_id) VALUES (1314,4,110);
INSERT INTO auth_group_permissions (id,group_id,permission_id) VALUES (1315,4,111);
INSERT INTO auth_group_permissions (id,group_id,permission_id) VALUES (1316,4,112);
INSERT INTO auth_group_permissions (id,group_id,permission_id) VALUES (1317,4,113);
INSERT INTO auth_group_permissions (id,group_id,permission_id) VALUES (1318,4,114);
INSERT INTO auth_group_permissions (id,group_id,permission_id) VALUES (1319,4,115);
INSERT INTO auth_group_permissions (id,group_id,permission_id) VALUES (1320,4,116);
INSERT INTO auth_group_permissions (id,group_id,permission_id) VALUES (1321,4,117);
INSERT INTO auth_group_permissions (id,group_id,permission_id) VALUES (1322,4,118);
INSERT INTO auth_group_permissions (id,group_id,permission_id) VALUES (1323,4,119);
INSERT INTO auth_group_permissions (id,group_id,permission_id) VALUES (1324,4,120);
INSERT INTO auth_group_permissions (id,group_id,permission_id) VALUES (1325,4,121);
INSERT INTO auth_group_permissions (id,group_id,permission_id) VALUES (1326,4,122);
INSERT INTO auth_group_permissions (id,group_id,permission_id) VALUES (1327,4,123);
INSERT INTO auth_group_permissions (id,group_id,permission_id) VALUES (1328,4,124);
INSERT INTO auth_group_permissions (id,group_id,permission_id) VALUES (1329,4,125);
INSERT INTO auth_group_permissions (id,group_id,permission_id) VALUES (1330,4,126);
INSERT INTO auth_group_permissions (id,group_id,permission_id) VALUES (1331,4,127);
INSERT INTO auth_group_permissions (id,group_id,permission_id) VALUES (1332,4,128);
INSERT INTO auth_group_permissions (id,group_id,permission_id) VALUES (1333,4,129);
INSERT INTO auth_group_permissions (id,group_id,permission_id) VALUES (1334,4,130);
INSERT INTO auth_group_permissions (id,group_id,permission_id) VALUES (1335,4,131);
INSERT INTO auth_group_permissions (id,group_id,permission_id) VALUES (1336,4,132);
INSERT INTO auth_group_permissions (id,group_id,permission_id) VALUES (1337,4,133);
INSERT INTO auth_group_permissions (id,group_id,permission_id) VALUES (1338,4,134);
INSERT INTO auth_group_permissions (id,group_id,permission_id) VALUES (1339,4,135);
INSERT INTO auth_group_permissions (id,group_id,permission_id) VALUES (1340,4,136);
INSERT INTO auth_group_permissions (id,group_id,permission_id) VALUES (1341,4,137);
INSERT INTO auth_group_permissions (id,group_id,permission_id) VALUES (1342,4,138);
INSERT INTO auth_group_permissions (id,group_id,permission_id) VALUES (1343,4,139);
INSERT INTO auth_group_permissions (id,group_id,permission_id) VALUES (1344,4,140);
INSERT INTO auth_group_permissions (id,group_id,permission_id) VALUES (1345,4,141);
INSERT INTO auth_group_permissions (id,group_id,permission_id) VALUES (1346,4,142);
INSERT INTO auth_group_permissions (id,group_id,permission_id) VALUES (1347,4,143);
INSERT INTO auth_group_permissions (id,group_id,permission_id) VALUES (1348,4,144);
INSERT INTO auth_group_permissions (id,group_id,permission_id) VALUES (1349,4,145);
INSERT INTO auth_group_permissions (id,group_id,permission_id) VALUES (1350,4,146);
INSERT INTO auth_group_permissions (id,group_id,permission_id) VALUES (1351,4,147);
INSERT INTO auth_group_permissions (id,group_id,permission_id) VALUES (1352,4,148);
INSERT INTO auth_group_permissions (id,group_id,permission_id) VALUES (1353,4,149);
INSERT INTO auth_group_permissions (id,group_id,permission_id) VALUES (1354,4,150);
INSERT INTO auth_group_permissions (id,group_id,permission_id) VALUES (1355,4,151);
INSERT INTO auth_group_permissions (id,group_id,permission_id) VALUES (1356,4,152);
INSERT INTO auth_group_permissions (id,group_id,permission_id) VALUES (1357,4,153);
INSERT INTO auth_group_permissions (id,group_id,permission_id) VALUES (1358,4,154);
INSERT INTO auth_group_permissions (id,group_id,permission_id) VALUES (1359,4,155);
INSERT INTO auth_group_permissions (id,group_id,permission_id) VALUES (1360,4,156);
INSERT INTO auth_group_permissions (id,group_id,permission_id) VALUES (1361,4,157);
INSERT INTO auth_group_permissions (id,group_id,permission_id) VALUES (1362,4,158);
INSERT INTO auth_group_permissions (id,group_id,permission_id) VALUES (1363,4,159);
INSERT INTO auth_group_permissions (id,group_id,permission_id) VALUES (1364,4,160);
INSERT INTO auth_group_permissions (id,group_id,permission_id) VALUES (1365,4,161);
INSERT INTO auth_group_permissions (id,group_id,permission_id) VALUES (1366,4,162);
INSERT INTO auth_group_permissions (id,group_id,permission_id) VALUES (1367,4,163);
INSERT INTO auth_group_permissions (id,group_id,permission_id) VALUES (1368,4,164);
INSERT INTO auth_group_permissions (id,group_id,permission_id) VALUES (1369,4,165);
INSERT INTO auth_group_permissions (id,group_id,permission_id) VALUES (1370,4,166);
INSERT INTO auth_group_permissions (id,group_id,permission_id) VALUES (1371,4,167);
INSERT INTO auth_group_permissions (id,group_id,permission_id) VALUES (1372,4,168);
INSERT INTO auth_group_permissions (id,group_id,permission_id) VALUES (1373,4,169);
INSERT INTO auth_group_permissions (id,group_id,permission_id) VALUES (1374,4,170);
INSERT INTO auth_group_permissions (id,group_id,permission_id) VALUES (1375,4,171);
INSERT INTO auth_group_permissions (id,group_id,permission_id) VALUES (1376,4,172);
INSERT INTO auth_group_permissions (id,group_id,permission_id) VALUES (1377,4,173);
INSERT INTO auth_group_permissions (id,group_id,permission_id) VALUES (1378,4,174);
INSERT INTO auth_group_permissions (id,group_id,permission_id) VALUES (1379,4,175);
INSERT INTO auth_group_permissions (id,group_id,permission_id) VALUES (1380,4,176);
INSERT INTO auth_group_permissions (id,group_id,permission_id) VALUES (1381,4,177);
INSERT INTO auth_group_permissions (id,group_id,permission_id) VALUES (1382,4,178);
INSERT INTO auth_group_permissions (id,group_id,permission_id) VALUES (1383,4,179);
INSERT INTO auth_group_permissions (id,group_id,permission_id) VALUES (1384,4,180);
INSERT INTO auth_group_permissions (id,group_id,permission_id) VALUES (1385,4,181);
INSERT INTO auth_group_permissions (id,group_id,permission_id) VALUES (1386,4,182);
INSERT INTO auth_group_permissions (id,group_id,permission_id) VALUES (1387,4,183);
INSERT INTO auth_group_permissions (id,group_id,permission_id) VALUES (1388,4,184);
INSERT INTO auth_group_permissions (id,group_id,permission_id) VALUES (1389,4,185);
INSERT INTO auth_group_permissions (id,group_id,permission_id) VALUES (1390,4,186);
INSERT INTO auth_group_permissions (id,group_id,permission_id) VALUES (1391,4,187);
INSERT INTO auth_group_permissions (id,group_id,permission_id) VALUES (1392,4,188);
INSERT INTO auth_group_permissions (id,group_id,permission_id) VALUES (1393,4,189);
INSERT INTO auth_group_permissions (id,group_id,permission_id) VALUES (1394,4,190);
INSERT INTO auth_group_permissions (id,group_id,permission_id) VALUES (1395,4,191);
INSERT INTO auth_group_permissions (id,group_id,permission_id) VALUES (1396,4,192);
INSERT INTO auth_group_permissions (id,group_id,permission_id) VALUES (1397,4,193);
INSERT INTO auth_group_permissions (id,group_id,permission_id) VALUES (1398,4,194);
INSERT INTO auth_group_permissions (id,group_id,permission_id) VALUES (1399,4,195);
INSERT INTO auth_group_permissions (id,group_id,permission_id) VALUES (1400,4,196);
INSERT INTO auth_group_permissions (id,group_id,permission_id) VALUES (1401,4,197);
INSERT INTO auth_group_permissions (id,group_id,permission_id) VALUES (1402,4,198);
INSERT INTO auth_group_permissions (id,group_id,permission_id) VALUES (1403,4,199);
INSERT INTO auth_group_permissions (id,group_id,permission_id) VALUES (1404,4,200);
INSERT INTO auth_group_permissions (id,group_id,permission_id) VALUES (1405,4,201);
INSERT INTO auth_group_permissions (id,group_id,permission_id) VALUES (1406,4,202);
INSERT INTO auth_group_permissions (id,group_id,permission_id) VALUES (1407,4,203);
INSERT INTO auth_group_permissions (id,group_id,permission_id) VALUES (1408,4,204);
INSERT INTO auth_group_permissions (id,group_id,permission_id) VALUES (1409,4,205);
INSERT INTO auth_group_permissions (id,group_id,permission_id) VALUES (1410,4,206);
INSERT INTO auth_group_permissions (id,group_id,permission_id) VALUES (1411,4,207);
INSERT INTO auth_group_permissions (id,group_id,permission_id) VALUES (1412,4,208);
INSERT INTO auth_group_permissions (id,group_id,permission_id) VALUES (1413,4,209);
INSERT INTO auth_group_permissions (id,group_id,permission_id) VALUES (1414,4,210);
INSERT INTO auth_group_permissions (id,group_id,permission_id) VALUES (1415,4,211);
INSERT INTO auth_group_permissions (id,group_id,permission_id) VALUES (1416,4,212);
INSERT INTO auth_group_permissions (id,group_id,permission_id) VALUES (1417,4,213);
INSERT INTO auth_group_permissions (id,group_id,permission_id) VALUES (1418,4,214);
INSERT INTO auth_group_permissions (id,group_id,permission_id) VALUES (1419,4,215);
INSERT INTO auth_group_permissions (id,group_id,permission_id) VALUES (1420,4,216);
INSERT INTO auth_group_permissions (id,group_id,permission_id) VALUES (1421,4,217);
INSERT INTO auth_group_permissions (id,group_id,permission_id) VALUES (1422,4,218);
INSERT INTO auth_group_permissions (id,group_id,permission_id) VALUES (1423,4,219);
INSERT INTO auth_group_permissions (id,group_id,permission_id) VALUES (1424,4,220);
INSERT INTO auth_group_permissions (id,group_id,permission_id) VALUES (1425,4,221);
INSERT INTO auth_group_permissions (id,group_id,permission_id) VALUES (1426,4,222);
INSERT INTO auth_group_permissions (id,group_id,permission_id) VALUES (1427,4,223);
INSERT INTO auth_group_permissions (id,group_id,permission_id) VALUES (1428,4,224);
INSERT INTO auth_group_permissions (id,group_id,permission_id) VALUES (1429,4,225);
INSERT INTO auth_group_permissions (id,group_id,permission_id) VALUES (1430,4,226);
INSERT INTO auth_group_permissions (id,group_id,permission_id) VALUES (1431,4,227);
INSERT INTO auth_group_permissions (id,group_id,permission_id) VALUES (1432,4,228);
INSERT INTO auth_group_permissions (id,group_id,permission_id) VALUES (1433,4,393);
INSERT INTO auth_group_permissions (id,group_id,permission_id) VALUES (1434,4,394);
INSERT INTO auth_group_permissions (id,group_id,permission_id) VALUES (1435,4,395);
INSERT INTO auth_group_permissions (id,group_id,permission_id) VALUES (1436,4,396);
INSERT INTO auth_group_permissions (id,group_id,permission_id) VALUES (1437,4,397);
INSERT INTO auth_group_permissions (id,group_id,permission_id) VALUES (1438,4,398);
INSERT INTO auth_group_permissions (id,group_id,permission_id) VALUES (1439,4,399);
INSERT INTO auth_group_permissions (id,group_id,permission_id) VALUES (1440,4,400);
INSERT INTO auth_group_permissions (id,group_id,permission_id) VALUES (1441,5,21);
INSERT INTO auth_group_permissions (id,group_id,permission_id) VALUES (1442,5,22);
INSERT INTO auth_group_permissions (id,group_id,permission_id) VALUES (1443,5,23);
INSERT INTO auth_group_permissions (id,group_id,permission_id) VALUES (1444,5,24);
INSERT INTO auth_group_permissions (id,group_id,permission_id) VALUES (1445,5,25);
INSERT INTO auth_group_permissions (id,group_id,permission_id) VALUES (1446,5,26);
INSERT INTO auth_group_permissions (id,group_id,permission_id) VALUES (1447,5,27);
INSERT INTO auth_group_permissions (id,group_id,permission_id) VALUES (1448,5,28);
INSERT INTO auth_group_permissions (id,group_id,permission_id) VALUES (1449,5,29);
INSERT INTO auth_group_permissions (id,group_id,permission_id) VALUES (1450,5,30);
INSERT INTO auth_group_permissions (id,group_id,permission_id) VALUES (1451,5,31);
INSERT INTO auth_group_permissions (id,group_id,permission_id) VALUES (1452,5,32);
INSERT INTO auth_group_permissions (id,group_id,permission_id) VALUES (1453,5,33);
INSERT INTO auth_group_permissions (id,group_id,permission_id) VALUES (1454,5,34);
INSERT INTO auth_group_permissions (id,group_id,permission_id) VALUES (1455,5,35);
INSERT INTO auth_group_permissions (id,group_id,permission_id) VALUES (1456,5,36);
INSERT INTO auth_group_permissions (id,group_id,permission_id) VALUES (1457,5,37);
INSERT INTO auth_group_permissions (id,group_id,permission_id) VALUES (1458,5,38);
INSERT INTO auth_group_permissions (id,group_id,permission_id) VALUES (1459,5,39);
INSERT INTO auth_group_permissions (id,group_id,permission_id) VALUES (1460,5,40);
INSERT INTO auth_group_permissions (id,group_id,permission_id) VALUES (1461,5,41);
INSERT INTO auth_group_permissions (id,group_id,permission_id) VALUES (1462,5,42);
INSERT INTO auth_group_permissions (id,group_id,permission_id) VALUES (1463,5,43);
INSERT INTO auth_group_permissions (id,group_id,permission_id) VALUES (1464,5,44);
INSERT INTO auth_group_permissions (id,group_id,permission_id) VALUES (1465,5,45);
INSERT INTO auth_group_permissions (id,group_id,permission_id) VALUES (1466,5,46);
INSERT INTO auth_group_permissions (id,group_id,permission_id) VALUES (1467,5,47);
INSERT INTO auth_group_permissions (id,group_id,permission_id) VALUES (1468,5,48);
INSERT INTO auth_group_permissions (id,group_id,permission_id) VALUES (1469,5,49);
INSERT INTO auth_group_permissions (id,group_id,permission_id) VALUES (1470,5,50);
INSERT INTO auth_group_permissions (id,group_id,permission_id) VALUES (1471,5,51);
INSERT INTO auth_group_permissions (id,group_id,permission_id) VALUES (1472,5,52);
INSERT INTO auth_group_permissions (id,group_id,permission_id) VALUES (1473,5,53);
INSERT INTO auth_group_permissions (id,group_id,permission_id) VALUES (1474,5,54);
INSERT INTO auth_group_permissions (id,group_id,permission_id) VALUES (1475,5,55);
INSERT INTO auth_group_permissions (id,group_id,permission_id) VALUES (1476,5,56);
INSERT INTO auth_group_permissions (id,group_id,permission_id) VALUES (1477,5,57);
INSERT INTO auth_group_permissions (id,group_id,permission_id) VALUES (1478,5,58);
INSERT INTO auth_group_permissions (id,group_id,permission_id) VALUES (1479,5,59);
INSERT INTO auth_group_permissions (id,group_id,permission_id) VALUES (1480,5,60);
INSERT INTO auth_group_permissions (id,group_id,permission_id) VALUES (1481,5,61);
INSERT INTO auth_group_permissions (id,group_id,permission_id) VALUES (1482,5,62);
INSERT INTO auth_group_permissions (id,group_id,permission_id) VALUES (1483,5,63);
INSERT INTO auth_group_permissions (id,group_id,permission_id) VALUES (1484,5,64);
INSERT INTO auth_group_permissions (id,group_id,permission_id) VALUES (1485,5,65);
INSERT INTO auth_group_permissions (id,group_id,permission_id) VALUES (1486,5,66);
INSERT INTO auth_group_permissions (id,group_id,permission_id) VALUES (1487,5,67);
INSERT INTO auth_group_permissions (id,group_id,permission_id) VALUES (1488,5,68);
INSERT INTO auth_group_permissions (id,group_id,permission_id) VALUES (1489,5,69);
INSERT INTO auth_group_permissions (id,group_id,permission_id) VALUES (1490,5,70);
INSERT INTO auth_group_permissions (id,group_id,permission_id) VALUES (1491,5,71);
INSERT INTO auth_group_permissions (id,group_id,permission_id) VALUES (1492,5,72);
INSERT INTO auth_group_permissions (id,group_id,permission_id) VALUES (1493,5,73);
INSERT INTO auth_group_permissions (id,group_id,permission_id) VALUES (1494,5,74);
INSERT INTO auth_group_permissions (id,group_id,permission_id) VALUES (1495,5,75);
INSERT INTO auth_group_permissions (id,group_id,permission_id) VALUES (1496,5,76);
INSERT INTO auth_group_permissions (id,group_id,permission_id) VALUES (1497,5,77);
INSERT INTO auth_group_permissions (id,group_id,permission_id) VALUES (1498,5,78);
INSERT INTO auth_group_permissions (id,group_id,permission_id) VALUES (1499,5,79);
INSERT INTO auth_group_permissions (id,group_id,permission_id) VALUES (1500,5,80);
INSERT INTO auth_group_permissions (id,group_id,permission_id) VALUES (1501,5,81);
INSERT INTO auth_group_permissions (id,group_id,permission_id) VALUES (1502,5,82);
INSERT INTO auth_group_permissions (id,group_id,permission_id) VALUES (1503,5,83);
INSERT INTO auth_group_permissions (id,group_id,permission_id) VALUES (1504,5,84);
INSERT INTO auth_group_permissions (id,group_id,permission_id) VALUES (1505,5,85);
INSERT INTO auth_group_permissions (id,group_id,permission_id) VALUES (1506,5,86);
INSERT INTO auth_group_permissions (id,group_id,permission_id) VALUES (1507,5,87);
INSERT INTO auth_group_permissions (id,group_id,permission_id) VALUES (1508,5,88);
INSERT INTO auth_group_permissions (id,group_id,permission_id) VALUES (1509,5,89);
INSERT INTO auth_group_permissions (id,group_id,permission_id) VALUES (1510,5,90);
INSERT INTO auth_group_permissions (id,group_id,permission_id) VALUES (1511,5,91);
INSERT INTO auth_group_permissions (id,group_id,permission_id) VALUES (1512,5,92);
INSERT INTO auth_group_permissions (id,group_id,permission_id) VALUES (1513,5,93);
INSERT INTO auth_group_permissions (id,group_id,permission_id) VALUES (1514,5,94);
INSERT INTO auth_group_permissions (id,group_id,permission_id) VALUES (1515,5,95);
INSERT INTO auth_group_permissions (id,group_id,permission_id) VALUES (1516,5,96);
INSERT INTO auth_group_permissions (id,group_id,permission_id) VALUES (1517,5,97);
INSERT INTO auth_group_permissions (id,group_id,permission_id) VALUES (1518,5,98);
INSERT INTO auth_group_permissions (id,group_id,permission_id) VALUES (1519,5,99);
INSERT INTO auth_group_permissions (id,group_id,permission_id) VALUES (1520,5,100);
INSERT INTO auth_group_permissions (id,group_id,permission_id) VALUES (1521,5,101);
INSERT INTO auth_group_permissions (id,group_id,permission_id) VALUES (1522,5,102);
INSERT INTO auth_group_permissions (id,group_id,permission_id) VALUES (1523,5,103);
INSERT INTO auth_group_permissions (id,group_id,permission_id) VALUES (1524,5,104);
INSERT INTO auth_group_permissions (id,group_id,permission_id) VALUES (1525,5,105);
INSERT INTO auth_group_permissions (id,group_id,permission_id) VALUES (1526,5,106);
INSERT INTO auth_group_permissions (id,group_id,permission_id) VALUES (1527,5,107);
INSERT INTO auth_group_permissions (id,group_id,permission_id) VALUES (1528,5,108);
INSERT INTO auth_group_permissions (id,group_id,permission_id) VALUES (1529,5,109);
INSERT INTO auth_group_permissions (id,group_id,permission_id) VALUES (1530,5,110);
INSERT INTO auth_group_permissions (id,group_id,permission_id) VALUES (1531,5,111);
INSERT INTO auth_group_permissions (id,group_id,permission_id) VALUES (1532,5,112);
INSERT INTO auth_group_permissions (id,group_id,permission_id) VALUES (1533,5,113);
INSERT INTO auth_group_permissions (id,group_id,permission_id) VALUES (1534,5,114);
INSERT INTO auth_group_permissions (id,group_id,permission_id) VALUES (1535,5,115);
INSERT INTO auth_group_permissions (id,group_id,permission_id) VALUES (1536,5,116);
INSERT INTO auth_group_permissions (id,group_id,permission_id) VALUES (1537,5,117);
INSERT INTO auth_group_permissions (id,group_id,permission_id) VALUES (1538,5,118);
INSERT INTO auth_group_permissions (id,group_id,permission_id) VALUES (1539,5,119);
INSERT INTO auth_group_permissions (id,group_id,permission_id) VALUES (1540,5,120);
INSERT INTO auth_group_permissions (id,group_id,permission_id) VALUES (1541,5,121);
INSERT INTO auth_group_permissions (id,group_id,permission_id) VALUES (1542,5,122);
INSERT INTO auth_group_permissions (id,group_id,permission_id) VALUES (1543,5,123);
INSERT INTO auth_group_permissions (id,group_id,permission_id) VALUES (1544,5,124);
INSERT INTO auth_group_permissions (id,group_id,permission_id) VALUES (1545,5,125);
INSERT INTO auth_group_permissions (id,group_id,permission_id) VALUES (1546,5,126);
INSERT INTO auth_group_permissions (id,group_id,permission_id) VALUES (1547,5,127);
INSERT INTO auth_group_permissions (id,group_id,permission_id) VALUES (1548,5,128);
INSERT INTO auth_group_permissions (id,group_id,permission_id) VALUES (1549,5,129);
INSERT INTO auth_group_permissions (id,group_id,permission_id) VALUES (1550,5,130);
INSERT INTO auth_group_permissions (id,group_id,permission_id) VALUES (1551,5,131);
INSERT INTO auth_group_permissions (id,group_id,permission_id) VALUES (1552,5,132);
INSERT INTO auth_group_permissions (id,group_id,permission_id) VALUES (1553,5,133);
INSERT INTO auth_group_permissions (id,group_id,permission_id) VALUES (1554,5,134);
INSERT INTO auth_group_permissions (id,group_id,permission_id) VALUES (1555,5,135);
INSERT INTO auth_group_permissions (id,group_id,permission_id) VALUES (1556,5,136);
INSERT INTO auth_group_permissions (id,group_id,permission_id) VALUES (1557,5,137);
INSERT INTO auth_group_permissions (id,group_id,permission_id) VALUES (1558,5,138);
INSERT INTO auth_group_permissions (id,group_id,permission_id) VALUES (1559,5,139);
INSERT INTO auth_group_permissions (id,group_id,permission_id) VALUES (1560,5,140);
INSERT INTO auth_group_permissions (id,group_id,permission_id) VALUES (1561,5,141);
INSERT INTO auth_group_permissions (id,group_id,permission_id) VALUES (1562,5,142);
INSERT INTO auth_group_permissions (id,group_id,permission_id) VALUES (1563,5,143);
INSERT INTO auth_group_permissions (id,group_id,permission_id) VALUES (1564,5,144);
INSERT INTO auth_group_permissions (id,group_id,permission_id) VALUES (1565,5,145);
INSERT INTO auth_group_permissions (id,group_id,permission_id) VALUES (1566,5,146);
INSERT INTO auth_group_permissions (id,group_id,permission_id) VALUES (1567,5,147);
INSERT INTO auth_group_permissions (id,group_id,permission_id) VALUES (1568,5,148);
INSERT INTO auth_group_permissions (id,group_id,permission_id) VALUES (1569,5,149);
INSERT INTO auth_group_permissions (id,group_id,permission_id) VALUES (1570,5,150);
INSERT INTO auth_group_permissions (id,group_id,permission_id) VALUES (1571,5,151);
INSERT INTO auth_group_permissions (id,group_id,permission_id) VALUES (1572,5,152);
INSERT INTO auth_group_permissions (id,group_id,permission_id) VALUES (1573,5,153);
INSERT INTO auth_group_permissions (id,group_id,permission_id) VALUES (1574,5,154);
INSERT INTO auth_group_permissions (id,group_id,permission_id) VALUES (1575,5,155);
INSERT INTO auth_group_permissions (id,group_id,permission_id) VALUES (1576,5,156);
INSERT INTO auth_group_permissions (id,group_id,permission_id) VALUES (1577,5,157);
INSERT INTO auth_group_permissions (id,group_id,permission_id) VALUES (1578,5,158);
INSERT INTO auth_group_permissions (id,group_id,permission_id) VALUES (1579,5,159);
INSERT INTO auth_group_permissions (id,group_id,permission_id) VALUES (1580,5,160);
INSERT INTO auth_group_permissions (id,group_id,permission_id) VALUES (1581,5,161);
INSERT INTO auth_group_permissions (id,group_id,permission_id) VALUES (1582,5,162);
INSERT INTO auth_group_permissions (id,group_id,permission_id) VALUES (1583,5,163);
INSERT INTO auth_group_permissions (id,group_id,permission_id) VALUES (1584,5,164);
INSERT INTO auth_group_permissions (id,group_id,permission_id) VALUES (1585,5,165);
INSERT INTO auth_group_permissions (id,group_id,permission_id) VALUES (1586,5,166);
INSERT INTO auth_group_permissions (id,group_id,permission_id) VALUES (1587,5,167);
INSERT INTO auth_group_permissions (id,group_id,permission_id) VALUES (1588,5,168);
INSERT INTO auth_group_permissions (id,group_id,permission_id) VALUES (1589,5,169);
INSERT INTO auth_group_permissions (id,group_id,permission_id) VALUES (1590,5,170);
INSERT INTO auth_group_permissions (id,group_id,permission_id) VALUES (1591,5,171);
INSERT INTO auth_group_permissions (id,group_id,permission_id) VALUES (1592,5,172);
INSERT INTO auth_group_permissions (id,group_id,permission_id) VALUES (1593,5,173);
INSERT INTO auth_group_permissions (id,group_id,permission_id) VALUES (1594,5,174);
INSERT INTO auth_group_permissions (id,group_id,permission_id) VALUES (1595,5,175);
INSERT INTO auth_group_permissions (id,group_id,permission_id) VALUES (1596,5,176);
INSERT INTO auth_group_permissions (id,group_id,permission_id) VALUES (1597,5,177);
INSERT INTO auth_group_permissions (id,group_id,permission_id) VALUES (1598,5,178);
INSERT INTO auth_group_permissions (id,group_id,permission_id) VALUES (1599,5,179);
INSERT INTO auth_group_permissions (id,group_id,permission_id) VALUES (1600,5,180);
INSERT INTO auth_group_permissions (id,group_id,permission_id) VALUES (1601,5,181);
INSERT INTO auth_group_permissions (id,group_id,permission_id) VALUES (1602,5,182);
INSERT INTO auth_group_permissions (id,group_id,permission_id) VALUES (1603,5,183);
INSERT INTO auth_group_permissions (id,group_id,permission_id) VALUES (1604,5,184);
INSERT INTO auth_group_permissions (id,group_id,permission_id) VALUES (1605,5,185);
INSERT INTO auth_group_permissions (id,group_id,permission_id) VALUES (1606,5,186);
INSERT INTO auth_group_permissions (id,group_id,permission_id) VALUES (1607,5,187);
INSERT INTO auth_group_permissions (id,group_id,permission_id) VALUES (1608,5,188);
INSERT INTO auth_group_permissions (id,group_id,permission_id) VALUES (1609,5,189);
INSERT INTO auth_group_permissions (id,group_id,permission_id) VALUES (1610,5,190);
INSERT INTO auth_group_permissions (id,group_id,permission_id) VALUES (1611,5,191);
INSERT INTO auth_group_permissions (id,group_id,permission_id) VALUES (1612,5,192);
INSERT INTO auth_group_permissions (id,group_id,permission_id) VALUES (1613,5,193);
INSERT INTO auth_group_permissions (id,group_id,permission_id) VALUES (1614,5,194);
INSERT INTO auth_group_permissions (id,group_id,permission_id) VALUES (1615,5,195);
INSERT INTO auth_group_permissions (id,group_id,permission_id) VALUES (1616,5,196);
INSERT INTO auth_group_permissions (id,group_id,permission_id) VALUES (1617,5,197);
INSERT INTO auth_group_permissions (id,group_id,permission_id) VALUES (1618,5,198);
INSERT INTO auth_group_permissions (id,group_id,permission_id) VALUES (1619,5,199);
INSERT INTO auth_group_permissions (id,group_id,permission_id) VALUES (1620,5,200);
INSERT INTO auth_group_permissions (id,group_id,permission_id) VALUES (1621,5,201);
INSERT INTO auth_group_permissions (id,group_id,permission_id) VALUES (1622,5,202);
INSERT INTO auth_group_permissions (id,group_id,permission_id) VALUES (1623,5,203);
INSERT INTO auth_group_permissions (id,group_id,permission_id) VALUES (1624,5,204);
INSERT INTO auth_group_permissions (id,group_id,permission_id) VALUES (1625,5,205);
INSERT INTO auth_group_permissions (id,group_id,permission_id) VALUES (1626,5,206);
INSERT INTO auth_group_permissions (id,group_id,permission_id) VALUES (1627,5,207);
INSERT INTO auth_group_permissions (id,group_id,permission_id) VALUES (1628,5,208);
INSERT INTO auth_group_permissions (id,group_id,permission_id) VALUES (1629,5,209);
INSERT INTO auth_group_permissions (id,group_id,permission_id) VALUES (1630,5,210);
INSERT INTO auth_group_permissions (id,group_id,permission_id) VALUES (1631,5,211);
INSERT INTO auth_group_permissions (id,group_id,permission_id) VALUES (1632,5,212);
INSERT INTO auth_group_permissions (id,group_id,permission_id) VALUES (1633,5,213);
INSERT INTO auth_group_permissions (id,group_id,permission_id) VALUES (1634,5,214);
INSERT INTO auth_group_permissions (id,group_id,permission_id) VALUES (1635,5,215);
INSERT INTO auth_group_permissions (id,group_id,permission_id) VALUES (1636,5,216);
INSERT INTO auth_group_permissions (id,group_id,permission_id) VALUES (1637,5,217);
INSERT INTO auth_group_permissions (id,group_id,permission_id) VALUES (1638,5,218);
INSERT INTO auth_group_permissions (id,group_id,permission_id) VALUES (1639,5,219);
INSERT INTO auth_group_permissions (id,group_id,permission_id) VALUES (1640,5,220);
INSERT INTO auth_group_permissions (id,group_id,permission_id) VALUES (1641,5,221);
INSERT INTO auth_group_permissions (id,group_id,permission_id) VALUES (1642,5,222);
INSERT INTO auth_group_permissions (id,group_id,permission_id) VALUES (1643,5,223);
INSERT INTO auth_group_permissions (id,group_id,permission_id) VALUES (1644,5,224);
INSERT INTO auth_group_permissions (id,group_id,permission_id) VALUES (1645,5,225);
INSERT INTO auth_group_permissions (id,group_id,permission_id) VALUES (1646,5,226);
INSERT INTO auth_group_permissions (id,group_id,permission_id) VALUES (1647,5,227);
INSERT INTO auth_group_permissions (id,group_id,permission_id) VALUES (1648,5,228);
INSERT INTO auth_group_permissions (id,group_id,permission_id) VALUES (1649,5,393);
INSERT INTO auth_group_permissions (id,group_id,permission_id) VALUES (1650,5,394);
INSERT INTO auth_group_permissions (id,group_id,permission_id) VALUES (1651,5,395);
INSERT INTO auth_group_permissions (id,group_id,permission_id) VALUES (1652,5,396);
INSERT INTO auth_group_permissions (id,group_id,permission_id) VALUES (1653,5,397);
INSERT INTO auth_group_permissions (id,group_id,permission_id) VALUES (1654,5,398);
INSERT INTO auth_group_permissions (id,group_id,permission_id) VALUES (1655,5,399);
INSERT INTO auth_group_permissions (id,group_id,permission_id) VALUES (1656,5,400);

-- usuarios_user
-- WHERE: id != 1
INSERT INTO usuarios_user (id,password,last_login,is_superuser,username,first_name,last_name,is_staff,is_active,date_joined,email,email_alt,telefono,iniciales,jerarquia,cambia_precio_descripcion,id_punto_venta_id,id_sucursal_id,id_vendedor_id) VALUES (3,'pbkdf2_sha256$870000$VxZxUdecBPWNbdOC2NT0O8$v+2pfRIJfBuYNid3z/yeQoHutMVLMS3kIVEOCaNDC94=','2025-10-31 21:31:20.829689',0,'juan','Juan','',0,1,'2025-10-30 01:20:56','123@gmail.com',NULL,NULL,'J','Z',0,2,2,59);
INSERT INTO usuarios_user (id,password,last_login,is_superuser,username,first_name,last_name,is_staff,is_active,date_joined,email,email_alt,telefono,iniciales,jerarquia,cambia_precio_descripcion,id_punto_venta_id,id_sucursal_id,id_vendedor_id) VALUES (4,'pbkdf2_sha256$870000$2FjwXmFRoOyPNKXGLMzfB7$ceZt+VBs4p2mZn3Y6il7yrc0KBKgTWy0e99vOYnBRNk=','2025-10-31 22:47:15.940314',0,'alberto','Alberto','García',0,1,'2025-10-30 01:25:10','albertogarcia@gmail.com',NULL,NULL,'AG','Z',0,1,2,146);
INSERT INTO usuarios_user (id,password,last_login,is_superuser,username,first_name,last_name,is_staff,is_active,date_joined,email,email_alt,telefono,iniciales,jerarquia,cambia_precio_descripcion,id_punto_venta_id,id_sucursal_id,id_vendedor_id) VALUES (5,'pbkdf2_sha256$870000$l40YysYnE3ID1ZZIOPsfAj$Aaxjq1481WTHcFDe7lwbOFcCqFVgDv/WmURd/x7EAy0=','2025-10-31 22:31:58.343834',0,'maria','Maria','Diaz',0,1,'2025-10-31 21:51:50.381092','ramosric1410@gmail.com',NULL,NULL,'MD','Z',0,2,2,NULL);
INSERT INTO usuarios_user (id,password,last_login,is_superuser,username,first_name,last_name,is_staff,is_active,date_joined,email,email_alt,telefono,iniciales,jerarquia,cambia_precio_descripcion,id_punto_venta_id,id_sucursal_id,id_vendedor_id) VALUES (6,'pbkdf2_sha256$870000$fFAOOQLUxTFUAHVmgZwaS4$t8OAdExznmrFxKq/bH8gChcYoqxkzMrtOJDsdZZqIzM=','2025-11-02 14:21:57.721893',0,'Federico','Federico','Camiletti',0,1,'2025-11-01 21:53:35.673835','fede@ndebona.com',NULL,NULL,'FC','Z',0,1,1,NULL);
INSERT INTO usuarios_user (id,password,last_login,is_superuser,username,first_name,last_name,is_staff,is_active,date_joined,email,email_alt,telefono,iniciales,jerarquia,cambia_precio_descripcion,id_punto_venta_id,id_sucursal_id,id_vendedor_id) VALUES (7,'pbkdf2_sha256$870000$o7GYQGdqOXdFTLlh8Xxfh1$/pfISSbe28pBVBAqGH4e5wF7dnLOXBH6KTddMwiirRU=','2025-12-12 22:55:50.858369',0,'Francisco','Francisco','',0,1,'2025-11-02 13:58:45.399568','fran@ndebona.com',NULL,NULL,'FF','Z',0,1,1,NULL);

-- usuarios_user_groups
-- WHERE: user_id != 1
INSERT INTO usuarios_user_groups (id,user_id,group_id) VALUES (1,3,2);
INSERT INTO usuarios_user_groups (id,user_id,group_id) VALUES (2,4,1);
INSERT INTO usuarios_user_groups (id,user_id,group_id) VALUES (3,5,3);
INSERT INTO usuarios_user_groups (id,user_id,group_id) VALUES (4,6,4);
INSERT INTO usuarios_user_groups (id,user_id,group_id) VALUES (5,7,2);

-- menu_menuheading

-- menu_menuitem

-- menu_menuitem_groups
INSERT INTO menu_menuitem_groups (id,menuitem_id,group_id) VALUES (1,2,1);
INSERT INTO menu_menuitem_groups (id,menuitem_id,group_id) VALUES (4,3,1);
INSERT INTO menu_menuitem_groups (id,menuitem_id,group_id) VALUES (6,4,1);
INSERT INTO menu_menuitem_groups (id,menuitem_id,group_id) VALUES (7,5,1);
INSERT INTO menu_menuitem_groups (id,menuitem_id,group_id) VALUES (8,6,1);
INSERT INTO menu_menuitem_groups (id,menuitem_id,group_id) VALUES (9,7,1);
INSERT INTO menu_menuitem_groups (id,menuitem_id,group_id) VALUES (10,28,1);
INSERT INTO menu_menuitem_groups (id,menuitem_id,group_id) VALUES (11,37,1);
INSERT INTO menu_menuitem_groups (id,menuitem_id,group_id) VALUES (12,37,2);
INSERT INTO menu_menuitem_groups (id,menuitem_id,group_id) VALUES (13,2,2);
INSERT INTO menu_menuitem_groups (id,menuitem_id,group_id) VALUES (18,10,1);
INSERT INTO menu_menuitem_groups (id,menuitem_id,group_id) VALUES (19,10,4);
INSERT INTO menu_menuitem_groups (id,menuitem_id,group_id) VALUES (20,22,1);
INSERT INTO menu_menuitem_groups (id,menuitem_id,group_id) VALUES (21,22,4);
INSERT INTO menu_menuitem_groups (id,menuitem_id,group_id) VALUES (22,21,1);
INSERT INTO menu_menuitem_groups (id,menuitem_id,group_id) VALUES (23,20,1);
INSERT INTO menu_menuitem_groups (id,menuitem_id,group_id) VALUES (24,23,1);
INSERT INTO menu_menuitem_groups (id,menuitem_id,group_id) VALUES (25,24,1);
INSERT INTO menu_menuitem_groups (id,menuitem_id,group_id) VALUES (26,25,1);
INSERT INTO menu_menuitem_groups (id,menuitem_id,group_id) VALUES (27,26,1);
INSERT INTO menu_menuitem_groups (id,menuitem_id,group_id) VALUES (28,27,1);
INSERT INTO menu_menuitem_groups (id,menuitem_id,group_id) VALUES (29,2,4);
INSERT INTO menu_menuitem_groups (id,menuitem_id,group_id) VALUES (30,8,1);
INSERT INTO menu_menuitem_groups (id,menuitem_id,group_id) VALUES (31,8,4);
INSERT INTO menu_menuitem_groups (id,menuitem_id,group_id) VALUES (32,18,1);
INSERT INTO menu_menuitem_groups (id,menuitem_id,group_id) VALUES (33,29,1);
INSERT INTO menu_menuitem_groups (id,menuitem_id,group_id) VALUES (34,30,1);
INSERT INTO menu_menuitem_groups (id,menuitem_id,group_id) VALUES (35,34,1);
INSERT INTO menu_menuitem_groups (id,menuitem_id,group_id) VALUES (36,36,1);
INSERT INTO menu_menuitem_groups (id,menuitem_id,group_id) VALUES (37,112,1);
INSERT INTO menu_menuitem_groups (id,menuitem_id,group_id) VALUES (38,113,1);
INSERT INTO menu_menuitem_groups (id,menuitem_id,group_id) VALUES (39,11,1);
INSERT INTO menu_menuitem_groups (id,menuitem_id,group_id) VALUES (40,12,1);
INSERT INTO menu_menuitem_groups (id,menuitem_id,group_id) VALUES (41,13,1);
INSERT INTO menu_menuitem_groups (id,menuitem_id,group_id) VALUES (42,14,1);
INSERT INTO menu_menuitem_groups (id,menuitem_id,group_id) VALUES (43,15,1);
INSERT INTO menu_menuitem_groups (id,menuitem_id,group_id) VALUES (44,16,1);
INSERT INTO menu_menuitem_groups (id,menuitem_id,group_id) VALUES (45,17,1);
INSERT INTO menu_menuitem_groups (id,menuitem_id,group_id) VALUES (46,31,1);
INSERT INTO menu_menuitem_groups (id,menuitem_id,group_id) VALUES (47,31,4);
INSERT INTO menu_menuitem_groups (id,menuitem_id,group_id) VALUES (48,32,1);
INSERT INTO menu_menuitem_groups (id,menuitem_id,group_id) VALUES (49,33,1);
INSERT INTO menu_menuitem_groups (id,menuitem_id,group_id) VALUES (50,33,4);
INSERT INTO menu_menuitem_groups (id,menuitem_id,group_id) VALUES (51,35,1);
INSERT INTO menu_menuitem_groups (id,menuitem_id,group_id) VALUES (52,3,4);
INSERT INTO menu_menuitem_groups (id,menuitem_id,group_id) VALUES (53,19,1);
INSERT INTO menu_menuitem_groups (id,menuitem_id,group_id) VALUES (54,37,4);
INSERT INTO menu_menuitem_groups (id,menuitem_id,group_id) VALUES (56,38,1);
INSERT INTO menu_menuitem_groups (id,menuitem_id,group_id) VALUES (57,39,1);
INSERT INTO menu_menuitem_groups (id,menuitem_id,group_id) VALUES (58,39,2);
INSERT INTO menu_menuitem_groups (id,menuitem_id,group_id) VALUES (59,39,4);
INSERT INTO menu_menuitem_groups (id,menuitem_id,group_id) VALUES (60,40,1);
INSERT INTO menu_menuitem_groups (id,menuitem_id,group_id) VALUES (61,40,2);
INSERT INTO menu_menuitem_groups (id,menuitem_id,group_id) VALUES (62,40,3);
INSERT INTO menu_menuitem_groups (id,menuitem_id,group_id) VALUES (63,40,4);
INSERT INTO menu_menuitem_groups (id,menuitem_id,group_id) VALUES (64,41,1);
INSERT INTO menu_menuitem_groups (id,menuitem_id,group_id) VALUES (65,41,2);
INSERT INTO menu_menuitem_groups (id,menuitem_id,group_id) VALUES (66,41,4);
INSERT INTO menu_menuitem_groups (id,menuitem_id,group_id) VALUES (67,41,5);
INSERT INTO menu_menuitem_groups (id,menuitem_id,group_id) VALUES (68,42,1);
INSERT INTO menu_menuitem_groups (id,menuitem_id,group_id) VALUES (69,42,2);
INSERT INTO menu_menuitem_groups (id,menuitem_id,group_id) VALUES (70,42,4);
INSERT INTO menu_menuitem_groups (id,menuitem_id,group_id) VALUES (71,42,5);
INSERT INTO menu_menuitem_groups (id,menuitem_id,group_id) VALUES (72,43,1);
INSERT INTO menu_menuitem_groups (id,menuitem_id,group_id) VALUES (73,74,1);
INSERT INTO menu_menuitem_groups (id,menuitem_id,group_id) VALUES (74,74,2);
INSERT INTO menu_menuitem_groups (id,menuitem_id,group_id) VALUES (75,74,3);
INSERT INTO menu_menuitem_groups (id,menuitem_id,group_id) VALUES (76,74,4);
INSERT INTO menu_menuitem_groups (id,menuitem_id,group_id) VALUES (77,75,1);
INSERT INTO menu_menuitem_groups (id,menuitem_id,group_id) VALUES (78,75,4);
INSERT INTO menu_menuitem_groups (id,menuitem_id,group_id) VALUES (79,76,1);
INSERT INTO menu_menuitem_groups (id,menuitem_id,group_id) VALUES (80,76,2);
INSERT INTO menu_menuitem_groups (id,menuitem_id,group_id) VALUES (81,76,3);
INSERT INTO menu_menuitem_groups (id,menuitem_id,group_id) VALUES (82,76,4);
INSERT INTO menu_menuitem_groups (id,menuitem_id,group_id) VALUES (83,78,1);
INSERT INTO menu_menuitem_groups (id,menuitem_id,group_id) VALUES (84,54,1);
INSERT INTO menu_menuitem_groups (id,menuitem_id,group_id) VALUES (85,54,2);
INSERT INTO menu_menuitem_groups (id,menuitem_id,group_id) VALUES (86,54,4);
INSERT INTO menu_menuitem_groups (id,menuitem_id,group_id) VALUES (87,49,1);
INSERT INTO menu_menuitem_groups (id,menuitem_id,group_id) VALUES (88,49,2);
INSERT INTO menu_menuitem_groups (id,menuitem_id,group_id) VALUES (89,49,3);
INSERT INTO menu_menuitem_groups (id,menuitem_id,group_id) VALUES (90,49,4);
INSERT INTO menu_menuitem_groups (id,menuitem_id,group_id) VALUES (91,49,5);
INSERT INTO menu_menuitem_groups (id,menuitem_id,group_id) VALUES (92,50,1);
INSERT INTO menu_menuitem_groups (id,menuitem_id,group_id) VALUES (93,50,2);
INSERT INTO menu_menuitem_groups (id,menuitem_id,group_id) VALUES (94,50,3);
INSERT INTO menu_menuitem_groups (id,menuitem_id,group_id) VALUES (95,50,4);
INSERT INTO menu_menuitem_groups (id,menuitem_id,group_id) VALUES (96,50,5);
INSERT INTO menu_menuitem_groups (id,menuitem_id,group_id) VALUES (97,51,1);
INSERT INTO menu_menuitem_groups (id,menuitem_id,group_id) VALUES (98,51,4);
INSERT INTO menu_menuitem_groups (id,menuitem_id,group_id) VALUES (99,63,1);
INSERT INTO menu_menuitem_groups (id,menuitem_id,group_id) VALUES (100,63,2);
INSERT INTO menu_menuitem_groups (id,menuitem_id,group_id) VALUES (101,63,3);
INSERT INTO menu_menuitem_groups (id,menuitem_id,group_id) VALUES (102,63,4);
INSERT INTO menu_menuitem_groups (id,menuitem_id,group_id) VALUES (103,63,5);
INSERT INTO menu_menuitem_groups (id,menuitem_id,group_id) VALUES (104,64,1);
INSERT INTO menu_menuitem_groups (id,menuitem_id,group_id) VALUES (105,64,2);
INSERT INTO menu_menuitem_groups (id,menuitem_id,group_id) VALUES (106,64,3);
INSERT INTO menu_menuitem_groups (id,menuitem_id,group_id) VALUES (107,64,4);
INSERT INTO menu_menuitem_groups (id,menuitem_id,group_id) VALUES (108,64,5);
INSERT INTO menu_menuitem_groups (id,menuitem_id,group_id) VALUES (109,65,1);
INSERT INTO menu_menuitem_groups (id,menuitem_id,group_id) VALUES (110,65,2);
INSERT INTO menu_menuitem_groups (id,menuitem_id,group_id) VALUES (111,65,3);
INSERT INTO menu_menuitem_groups (id,menuitem_id,group_id) VALUES (112,65,4);
INSERT INTO menu_menuitem_groups (id,menuitem_id,group_id) VALUES (113,65,5);
INSERT INTO menu_menuitem_groups (id,menuitem_id,group_id) VALUES (114,66,1);
INSERT INTO menu_menuitem_groups (id,menuitem_id,group_id) VALUES (115,66,2);
INSERT INTO menu_menuitem_groups (id,menuitem_id,group_id) VALUES (116,66,3);
INSERT INTO menu_menuitem_groups (id,menuitem_id,group_id) VALUES (117,66,4);
INSERT INTO menu_menuitem_groups (id,menuitem_id,group_id) VALUES (118,66,5);
INSERT INTO menu_menuitem_groups (id,menuitem_id,group_id) VALUES (119,67,1);
INSERT INTO menu_menuitem_groups (id,menuitem_id,group_id) VALUES (120,67,2);
INSERT INTO menu_menuitem_groups (id,menuitem_id,group_id) VALUES (121,67,3);
INSERT INTO menu_menuitem_groups (id,menuitem_id,group_id) VALUES (122,67,4);
INSERT INTO menu_menuitem_groups (id,menuitem_id,group_id) VALUES (123,67,5);
INSERT INTO menu_menuitem_groups (id,menuitem_id,group_id) VALUES (124,68,1);
INSERT INTO menu_menuitem_groups (id,menuitem_id,group_id) VALUES (125,68,4);
INSERT INTO menu_menuitem_groups (id,menuitem_id,group_id) VALUES (126,69,1);
INSERT INTO menu_menuitem_groups (id,menuitem_id,group_id) VALUES (127,69,4);
INSERT INTO menu_menuitem_groups (id,menuitem_id,group_id) VALUES (128,70,1);
INSERT INTO menu_menuitem_groups (id,menuitem_id,group_id) VALUES (129,70,4);
INSERT INTO menu_menuitem_groups (id,menuitem_id,group_id) VALUES (130,106,1);
INSERT INTO menu_menuitem_groups (id,menuitem_id,group_id) VALUES (131,106,2);
INSERT INTO menu_menuitem_groups (id,menuitem_id,group_id) VALUES (132,106,3);
INSERT INTO menu_menuitem_groups (id,menuitem_id,group_id) VALUES (133,106,4);
INSERT INTO menu_menuitem_groups (id,menuitem_id,group_id) VALUES (134,106,5);
INSERT INTO menu_menuitem_groups (id,menuitem_id,group_id) VALUES (135,108,1);
INSERT INTO menu_menuitem_groups (id,menuitem_id,group_id) VALUES (136,108,4);
INSERT INTO menu_menuitem_groups (id,menuitem_id,group_id) VALUES (137,108,5);
INSERT INTO menu_menuitem_groups (id,menuitem_id,group_id) VALUES (138,109,1);
INSERT INTO menu_menuitem_groups (id,menuitem_id,group_id) VALUES (139,109,4);
INSERT INTO menu_menuitem_groups (id,menuitem_id,group_id) VALUES (140,109,5);
INSERT INTO menu_menuitem_groups (id,menuitem_id,group_id) VALUES (141,110,1);
INSERT INTO menu_menuitem_groups (id,menuitem_id,group_id) VALUES (142,111,1);
INSERT INTO menu_menuitem_groups (id,menuitem_id,group_id) VALUES (143,111,4);
INSERT INTO menu_menuitem_groups (id,menuitem_id,group_id) VALUES (144,111,5);
INSERT INTO menu_menuitem_groups (id,menuitem_id,group_id) VALUES (145,131,1);
INSERT INTO menu_menuitem_groups (id,menuitem_id,group_id) VALUES (146,131,4);
INSERT INTO menu_menuitem_groups (id,menuitem_id,group_id) VALUES (147,131,5);
INSERT INTO menu_menuitem_groups (id,menuitem_id,group_id) VALUES (148,55,1);
INSERT INTO menu_menuitem_groups (id,menuitem_id,group_id) VALUES (149,55,2);
INSERT INTO menu_menuitem_groups (id,menuitem_id,group_id) VALUES (150,55,4);
INSERT INTO menu_menuitem_groups (id,menuitem_id,group_id) VALUES (151,55,5);
INSERT INTO menu_menuitem_groups (id,menuitem_id,group_id) VALUES (152,107,1);
INSERT INTO menu_menuitem_groups (id,menuitem_id,group_id) VALUES (153,107,2);
INSERT INTO menu_menuitem_groups (id,menuitem_id,group_id) VALUES (154,107,3);
INSERT INTO menu_menuitem_groups (id,menuitem_id,group_id) VALUES (155,107,4);
INSERT INTO menu_menuitem_groups (id,menuitem_id,group_id) VALUES (156,107,5);
INSERT INTO menu_menuitem_groups (id,menuitem_id,group_id) VALUES (157,47,1);
INSERT INTO menu_menuitem_groups (id,menuitem_id,group_id) VALUES (158,47,2);
INSERT INTO menu_menuitem_groups (id,menuitem_id,group_id) VALUES (159,47,3);
INSERT INTO menu_menuitem_groups (id,menuitem_id,group_id) VALUES (160,47,4);
INSERT INTO menu_menuitem_groups (id,menuitem_id,group_id) VALUES (161,47,5);
INSERT INTO menu_menuitem_groups (id,menuitem_id,group_id) VALUES (162,56,1);
INSERT INTO menu_menuitem_groups (id,menuitem_id,group_id) VALUES (163,56,4);
INSERT INTO menu_menuitem_groups (id,menuitem_id,group_id) VALUES (164,56,5);
INSERT INTO menu_menuitem_groups (id,menuitem_id,group_id) VALUES (165,57,1);
INSERT INTO menu_menuitem_groups (id,menuitem_id,group_id) VALUES (166,57,2);
INSERT INTO menu_menuitem_groups (id,menuitem_id,group_id) VALUES (167,57,3);
INSERT INTO menu_menuitem_groups (id,menuitem_id,group_id) VALUES (168,57,4);
INSERT INTO menu_menuitem_groups (id,menuitem_id,group_id) VALUES (169,57,5);
INSERT INTO menu_menuitem_groups (id,menuitem_id,group_id) VALUES (170,58,1);
INSERT INTO menu_menuitem_groups (id,menuitem_id,group_id) VALUES (171,58,2);
INSERT INTO menu_menuitem_groups (id,menuitem_id,group_id) VALUES (172,58,3);
INSERT INTO menu_menuitem_groups (id,menuitem_id,group_id) VALUES (173,58,4);
INSERT INTO menu_menuitem_groups (id,menuitem_id,group_id) VALUES (174,58,5);
INSERT INTO menu_menuitem_groups (id,menuitem_id,group_id) VALUES (175,59,1);
INSERT INTO menu_menuitem_groups (id,menuitem_id,group_id) VALUES (176,59,2);
INSERT INTO menu_menuitem_groups (id,menuitem_id,group_id) VALUES (177,59,3);
INSERT INTO menu_menuitem_groups (id,menuitem_id,group_id) VALUES (178,59,4);
INSERT INTO menu_menuitem_groups (id,menuitem_id,group_id) VALUES (179,59,5);
INSERT INTO menu_menuitem_groups (id,menuitem_id,group_id) VALUES (180,60,1);
INSERT INTO menu_menuitem_groups (id,menuitem_id,group_id) VALUES (181,45,1);
INSERT INTO menu_menuitem_groups (id,menuitem_id,group_id) VALUES (182,45,2);
INSERT INTO menu_menuitem_groups (id,menuitem_id,group_id) VALUES (183,45,4);
INSERT INTO menu_menuitem_groups (id,menuitem_id,group_id) VALUES (184,81,1);
INSERT INTO menu_menuitem_groups (id,menuitem_id,group_id) VALUES (185,81,2);
INSERT INTO menu_menuitem_groups (id,menuitem_id,group_id) VALUES (186,81,4);
INSERT INTO menu_menuitem_groups (id,menuitem_id,group_id) VALUES (187,82,1);
INSERT INTO menu_menuitem_groups (id,menuitem_id,group_id) VALUES (188,82,2);
INSERT INTO menu_menuitem_groups (id,menuitem_id,group_id) VALUES (189,82,3);
INSERT INTO menu_menuitem_groups (id,menuitem_id,group_id) VALUES (190,82,4);
INSERT INTO menu_menuitem_groups (id,menuitem_id,group_id) VALUES (191,83,1);
INSERT INTO menu_menuitem_groups (id,menuitem_id,group_id) VALUES (192,83,2);
INSERT INTO menu_menuitem_groups (id,menuitem_id,group_id) VALUES (193,83,4);
INSERT INTO menu_menuitem_groups (id,menuitem_id,group_id) VALUES (194,83,5);
INSERT INTO menu_menuitem_groups (id,menuitem_id,group_id) VALUES (195,48,1);
INSERT INTO menu_menuitem_groups (id,menuitem_id,group_id) VALUES (196,48,4);
INSERT INTO menu_menuitem_groups (id,menuitem_id,group_id) VALUES (197,84,1);
INSERT INTO menu_menuitem_groups (id,menuitem_id,group_id) VALUES (198,84,2);
INSERT INTO menu_menuitem_groups (id,menuitem_id,group_id) VALUES (199,84,4);
INSERT INTO menu_menuitem_groups (id,menuitem_id,group_id) VALUES (200,85,1);
INSERT INTO menu_menuitem_groups (id,menuitem_id,group_id) VALUES (201,85,4);
INSERT INTO menu_menuitem_groups (id,menuitem_id,group_id) VALUES (202,86,1);
INSERT INTO menu_menuitem_groups (id,menuitem_id,group_id) VALUES (203,87,1);
INSERT INTO menu_menuitem_groups (id,menuitem_id,group_id) VALUES (204,87,2);
INSERT INTO menu_menuitem_groups (id,menuitem_id,group_id) VALUES (205,87,4);
INSERT INTO menu_menuitem_groups (id,menuitem_id,group_id) VALUES (206,52,1);
INSERT INTO menu_menuitem_groups (id,menuitem_id,group_id) VALUES (207,52,4);
INSERT INTO menu_menuitem_groups (id,menuitem_id,group_id) VALUES (208,61,1);
INSERT INTO menu_menuitem_groups (id,menuitem_id,group_id) VALUES (209,90,1);
INSERT INTO menu_menuitem_groups (id,menuitem_id,group_id) VALUES (210,90,4);
INSERT INTO menu_menuitem_groups (id,menuitem_id,group_id) VALUES (211,91,1);
INSERT INTO menu_menuitem_groups (id,menuitem_id,group_id) VALUES (212,91,2);
INSERT INTO menu_menuitem_groups (id,menuitem_id,group_id) VALUES (213,91,3);
INSERT INTO menu_menuitem_groups (id,menuitem_id,group_id) VALUES (214,91,4);
INSERT INTO menu_menuitem_groups (id,menuitem_id,group_id) VALUES (215,93,1);
INSERT INTO menu_menuitem_groups (id,menuitem_id,group_id) VALUES (216,94,1);
INSERT INTO menu_menuitem_groups (id,menuitem_id,group_id) VALUES (217,95,1);
INSERT INTO menu_menuitem_groups (id,menuitem_id,group_id) VALUES (218,97,1);
INSERT INTO menu_menuitem_groups (id,menuitem_id,group_id) VALUES (219,98,1);
INSERT INTO menu_menuitem_groups (id,menuitem_id,group_id) VALUES (220,99,1);
INSERT INTO menu_menuitem_groups (id,menuitem_id,group_id) VALUES (221,100,1);
INSERT INTO menu_menuitem_groups (id,menuitem_id,group_id) VALUES (222,100,4);
INSERT INTO menu_menuitem_groups (id,menuitem_id,group_id) VALUES (223,101,1);
INSERT INTO menu_menuitem_groups (id,menuitem_id,group_id) VALUES (224,102,1);
INSERT INTO menu_menuitem_groups (id,menuitem_id,group_id) VALUES (225,103,1);
INSERT INTO menu_menuitem_groups (id,menuitem_id,group_id) VALUES (226,104,1);
INSERT INTO menu_menuitem_groups (id,menuitem_id,group_id) VALUES (227,71,1);
INSERT INTO menu_menuitem_groups (id,menuitem_id,group_id) VALUES (228,71,2);
INSERT INTO menu_menuitem_groups (id,menuitem_id,group_id) VALUES (229,71,4);
INSERT INTO menu_menuitem_groups (id,menuitem_id,group_id) VALUES (230,71,5);
INSERT INTO menu_menuitem_groups (id,menuitem_id,group_id) VALUES (231,72,1);
INSERT INTO menu_menuitem_groups (id,menuitem_id,group_id) VALUES (232,72,2);
INSERT INTO menu_menuitem_groups (id,menuitem_id,group_id) VALUES (233,72,3);
INSERT INTO menu_menuitem_groups (id,menuitem_id,group_id) VALUES (234,72,4);
INSERT INTO menu_menuitem_groups (id,menuitem_id,group_id) VALUES (235,72,5);
INSERT INTO menu_menuitem_groups (id,menuitem_id,group_id) VALUES (236,73,1);
INSERT INTO menu_menuitem_groups (id,menuitem_id,group_id) VALUES (237,79,1);
INSERT INTO menu_menuitem_groups (id,menuitem_id,group_id) VALUES (238,79,2);
INSERT INTO menu_menuitem_groups (id,menuitem_id,group_id) VALUES (239,79,4);
INSERT INTO menu_menuitem_groups (id,menuitem_id,group_id) VALUES (240,114,1);
INSERT INTO menu_menuitem_groups (id,menuitem_id,group_id) VALUES (241,115,1);
INSERT INTO menu_menuitem_groups (id,menuitem_id,group_id) VALUES (242,116,1);
INSERT INTO menu_menuitem_groups (id,menuitem_id,group_id) VALUES (243,117,1);
INSERT INTO menu_menuitem_groups (id,menuitem_id,group_id) VALUES (244,118,1);
INSERT INTO menu_menuitem_groups (id,menuitem_id,group_id) VALUES (245,119,1);
INSERT INTO menu_menuitem_groups (id,menuitem_id,group_id) VALUES (246,120,1);
INSERT INTO menu_menuitem_groups (id,menuitem_id,group_id) VALUES (247,121,1);
INSERT INTO menu_menuitem_groups (id,menuitem_id,group_id) VALUES (248,122,1);
INSERT INTO menu_menuitem_groups (id,menuitem_id,group_id) VALUES (249,124,1);
INSERT INTO menu_menuitem_groups (id,menuitem_id,group_id) VALUES (250,125,1);
INSERT INTO menu_menuitem_groups (id,menuitem_id,group_id) VALUES (251,126,1);

COMMIT;
PRAGMA foreign_keys = ON;

-- ============================================
-- RESUMEN DETALLADO
-- ============================================
-- auth_group: 5 insertados
-- auth_group_permissions: 1656 insertados
-- usuarios_user: 5 insertados, 1 excluidos
-- usuarios_user_groups: 5 insertados
-- menu_menuitem_groups: 243 insertados
-- TOTAL REGISTROS INSERTADOS: 1914
-- ============================================
