CAI;Producto;Medida;Stock;Descuento (%);Oferta;Precio;Estado
002001;D265/70 R 18 (24) LTX A/T2 112/112 R MICHELIN;265/70R18;19;0.00;820304.00;820304.00;D
002001;D265/70 R 18 (25) LTX A/T2 112/112 R MICHELIN;265/70R18;1;0.00;820304.00;820304.00;D
003718;D195/60 R15  (24) ENERGY XM2 + 88V MICHELIN;195/60R15;10;0.00;229973.00;229973.00;D
003718;D195/60 R15 (25) ENERGY XM2 + 88V MICHELIN;195/60R15;70;0.00;229973.00;229973.00;D
004342;DP255/70 R 16 (24) LTX FORCE 111H MICHELIN;255/70R16;3;0.00;425912.00;425912.00;D
004342;DP255/70 R 16 (26) LTX FORCE 111H MICHELIN;255/70R16;148;0.00;425912.00;425912.00;D
004342;DP255/70 R 16 (25) LTX FORCE 111H MICHELIN;255/70R16;12;0.00;425912.00;425912.00;D
006236;D215/65 R16  (26) 102H XL TL LTX FORCE  MICHELIN;215/65R16;345;0.00;317094.00;317094.00;D
006236;D215/65 R16  (25) 102H XL TL LTX FORCE  MICHELIN;V215/65R16;0;0.00;317094.00;317094.00;D
008206;DLT265/70R16 (25)RWL  ALL TERRAIN T/A KO3  GOODRIC;265/70R16;70;0.00;601727.00;601727.00;D
009051;DLT285/70R17 (24) RWL  ALL TERRAIN T/A KO3 126/123;V285/70R17;0;0.00;900034.00;900034.00;D
009051;DLT285/70R17 (25) RWL  ALL TERRAIN T/A KO3 126/123;285/70R17;23;7.00;837031.62;900034.00;D
012750;DLT285/65 R 18  (22) ALL TERRAIN T/A KO2 GOODRICH;V285/65R18;0;8.00;832332.28;904709.00;D
012750;DLT285/65 R 18 (24) ALL TERRAIN T/A KO2 GOODRICH;285/65R18;4;8.00;832332.28;904709.00;D
012750;DLT285/65 R 18 (21) ALL TERRAIN T/A KO2 GOODRICH;V285/65R18;0;15.00;769002.65;904709.00;D
017410;DLT255/65 R 17 (24) ALL TERAIN T/A KO2 GOODRICH;255/65R17;40;8.00;549573.96;597363.00;D
024200;D235/60 R 18  (22) PRIMACY SUV 103V MICHELIN;V235/60R18;0;0.00;0.00;0.00;D
024200;D235/60 R 18 (21) PRIMACY SUV 103V MICHELIN;V235/60R18;0;0.00;0.00;0.00;D
026960;135 SR 15  ZX MICHELIN;135R15;0;0.00;300239.00;300239.00;O
028862;D185/80 R 14  (22) AGILIS 81 102R MICHELIN;V185R14;0;0.00;416029.18;416029.18;D
031073;235/55 R 19 PRIMACY 4 105W MICHELIN;235/55R19;0;0.00;686304.00;686304.00;D
032543;D295/35 ZR 21  (24) EXT LOAD P SPORT 4 107Y MICHEL;295/35R21;2;0.00;1621462.00;1621462.00;D
032933;D225/40 R 18 (20) PILOT SPORT 3 ZP MICHELIN;V225/40R18;0;0.00;0.00;0.00;D
032933;225/40 R 18 PILOT SPORT 3 ZP MICHELIN;V225/40R18;0;0.00;0.00;0.00;D
032933;D225/40 R 18 (19) PILOT SPORT 3 ZP MICHELIN;V225/40R18;0;0.00;0.00;0.00;D
032933;D225/40 R 18 (18) PILOT SPORT 3 ZP MICHELIN;V225/40R18;0;0.00;688737.51;688737.51;D
034085;265/70 R 18  X LT A/S 116T MICHELIN;V265/70R18;0;0.00;820304.00;820304.00;D
034085;D265/70 R 18  (19) X LT A/S 116T MICHELIN;V265/70R18;0;0.00;820304.00;820304.00;D
034085;D265/70 R 18  (21) X LT A/S 116T MICHELIN;265/70R18;4;25.00;615228.00;820304.00;D
039346;D235/45 R18  PRIMACY 4 98Y  MICHELIN;V235/45R18;0;0.00;0.00;0.00;D
039346;235/45 R18  PRIMACY 4 98Y  MICHELIN;V235/45R18;0;0.00;650339.00;650339.00;D
039346;D235/45 R18  (19) PRIMACY 4 98Y  MICHELIN;V235/45R18;0;0.00;650339.00;650339.00;D
039346;D235/45 R18  (20) PRIMACY 4 98Y  MICHELIN;V235/45R18;0;0.00;650339.00;650339.00;D
040225;D265/60R18 (25) ORWL TRAIL-TERRAIN T/A 110T GOODR;265/60R18;37;0.00;611063.00;611063.00;D
044373;D215/55 R18 (24)  PRIMACY 4 95V MICHELIN;V215/55R18;0;0.00;409815.00;409815.00;D
046026;DLT285/60 R 18 (22)  ALL TERRAIN T/A KO2 GOODRICH;285/60R18;6;15.00;649349.85;763941.00;D
046026;DLT285/60 R 18 (21) ALL TERRAIN T/A KO2 GOODRICH;V285/60R18;0;15.00;649349.85;763941.00;D
046026;DLT285/60 R 18 (23) ALL TERRAIN T/A KO2 GOODRICH;285/60R18;1;15.00;649349.85;763941.00;D
046026;DLT285/60 R 18 (24) ALL TERRAIN T/A KO2 GOODRICH;285/60R18;1;15.00;649349.85;763941.00;D
046134;D255/60 R 18 (21) EXT LOAD P SPORT 4 SUV 112W MICH;V255/60R18;0;0.00;556403.00;556403.00;D
046134;D255/60 R 18  (22) EXT LOAD P SPORT 4 SUV 112W MIC;255/60R18;8;0.00;556403.00;556403.00;D
047572;DLT265/75 R 16 (21) KM3 MUD TERRAIN T/A GOODRICH;265/75R16;24;30.00;587456.80;839224.00;D
047572;DLT265/75 R 16 (20) KM3 MUD TERRAIN T/A GOODRICH;V265/75R16;0;0.00;839224.00;839224.00;D
047572;DLT265/75 R 16  (22) KM3 MUD TERRAIN T/A GOODRICH;265/75R16;3;0.00;839224.00;839224.00;D
047730;D245/40 ZR 17 (24)PILOT SPORT 5 95 Y MICHELIN;245/40R17;13;0.00;601465.00;601465.00;D
048137;D205/45 R 17 (24) PRIMACY 4+ 88V MICHELIN;205/45R17;54;0.00;359747.00;359747.00;D
049986;D225/75 R16 (25) XL TRAIL-TERRAIN T/A 108T GOODRIC;225/75R16;18;0.00;515612.00;515612.00;D
049986;D225/75 R16 (22) XL TRAIL-TERRAIN T/A 108T GOODRIC;V225/75R16;0;10.00;464050.80;515612.00;D
051232;D205/45 ZR17 (24) XL P SPORT 5 88 Y MICHELIN;205/45R17;45;0.00;378681.00;378681.00;D
053272;D165/70 R 14 (25) ENERGY XM2 + 81T MICHELIN;165/70R14;10;0.00;184422.00;184422.00;D
053272;D165/70 R 14 (23) ENERGY XM2 + 81T MICHELIN;165/70R14;10;0.00;184422.00;184422.00;D
056615;D235/55 R 19 (22)  LATITUDE SPORT 3 101Y MICHELIN;V235/55R19;0;0.00;857880.00;857880.00;D
056615;D235/55 R 19 (24) LATITUDE SPORT 3 101Y MICHELIN;V235/55R19;0;0.00;857880.00;857880.00;D
056615;D235/55 R 19 (21) LATITUDE SPORT 3 101Y MICHELIN;V235/55R19;0;0.00;857880.00;857880.00;D
060414;D245/45 R 17 (24) PRIMACY 4+  99Y  MICHELIN;245/45R17;19;0.00;684602.00;684602.00;D
065068;D245/45 R18 (26) XL PRIMACY 5 100W MICHELIN;245/45R18;11;0.00;668157.00;668157.00;D
072604;DLT265/70 R17 (22)  KM3 MUD TERRAIN T/A  GOODRICH;265/70R17;13;15.00;711404.10;836946.00;D
072604;DLT265/70 R17 (20) KM3 MUD TERRAIN T/A  GOODRICH;V265/70R17;0;0.00;836946.00;836946.00;D
072604;DLT265/70 R17 (21) KM3 MUD TERRAIN T/A  GOODRICH;V265/70R17;0;15.00;711404.10;836946.00;D
074386;D255/60 R 18 (24) PCY SUV 112H MICHELIN;255/60R18;9;0.00;419637.00;419637.00;D
074386;D255/60 R 18 (25) PCY SUV 112H MICHELIN;255/60R18;20;0.00;419637.00;419637.00;D
075010;DLT245/70 R 16 (23) MUD TERRAIN T/A KM3;245/70R16;2;0.00;712818.00;712818.00;D
075010;DLT245/70 R 16 (25) MUD TERRAIN T/A KM3;245/70R16;2;0.00;712818.00;712818.00;D
075010;DLT245/70 R 16 (24) MUD TERRAIN T/A KM3;V245/70R16;0;0.00;712818.00;712818.00;D
075010;DLT245/70 R 16 (19) MUD TERRAIN T/A KM3;V245/70R16;0;0.00;712818.00;712818.00;D
075010;DLT245/70 R 16 (21) MUD TERRAIN T/A KM3;V245/70R16;0;15.00;605895.30;712818.00;D
079690;D205/50 ZR 17  (22) ZP PILOT SPORT 4 MICHELIN;205/50R17;6;0.00;544958.00;544958.00;D
079690;D205/50 ZR 17 (20) ZP PILOT SPORT 4 MICHELIN;V205/50R17;0;30.00;381470.60;544958.00;D
079690;D205/50 ZR 17 (21) ZP PILOT SPORT 4 MICHELIN;V205/50R17;0;15.00;463214.30;544958.00;D
085753;DLT235/70 R16 (24) ALL TERRAIN T/A KO2 GOODRICH;V235/70R16;0;8.00;475712.68;517079.00;D
085753;DLT235/70 R16 (21) ALL TERRAIN T/A KO2 GOODRICH;V235/70R16;0;0.00;517079.00;517079.00;D
085753;DLT235/70 R16  (22) ALL TERRAIN T/A KO2 GOODRICH;V235/70R16;0;0.00;517079.00;517079.00;D
086474;DLT275/55 R 20 (22) ALL TERRAIN T/A KO2 GOODRICH;V275/55R20;0;0.00;751849.00;751849.00;D
086474;DLT275/55 R 20 (24) ALL TERRAIN T/A KO2 GOODRICH;275/55R20;31;8.00;691701.08;751849.00;D
086627;D185/65 R14(25)  86H ENERGY XM2 +  MICHELIN;185/65R14;96;0.00;204540.00;204540.00;D
089576;D215/45 ZR 18  (25) P SPORT 5 93Y MICHELIN;215/45R18;10;0.00;495267.00;495267.00;D
090811;D235/45 R18  (22)  PRIMACY 4 98W MICHELIN;V235/45R18;0;18.00;0.00;0.00;D
090811;D235/45 R18  (21) PRIMACY 4 98W MICHELIN;V235/45R18;0;0.00;0.00;0.00;D
090811;D235/45 R18  (20) PRIMACY 4 98W MICHELIN;V235/45R18;0;0.00;0.00;0.00;D
097168;DLT215/75 R 15 (24) ALL TERRAIN T/A KO2 GOODRICH;V215/75R15;0;0.00;467741.00;467741.00;D
097168;DLT215/75 R 15 (25) ALL TERRAIN T/A KO2 GOODRICH;215/75R15;2;8.00;430321.72;467741.00;D
097168;DLT215/75 R 15 (20) ALL TERRAIN T/A KO2 GOODRICH;V215/75R15;0;0.00;467741.00;467741.00;D
097168;DLT215/75 R 15 (21) ALL TERRAIN T/A KO2 GOODRICH;V215/75R15;0;0.00;467741.00;467741.00;D
097208;D255/50 R 19 (24)P SPORT 4 107 Y MICHELIN;V255/50R19;0;0.00;1010550.00;1010550.00;D
097208;D255/50 R 19  (26) P SPORT 4 107 Y MICHELIN;255/50R19;1;0.00;1010550.00;1010550.00;D
097208;D255/50 R 19  (23) P SPORT 4 107 Y MICHELIN;V255/50R19;0;0.00;1010550.00;1010550.00;D
1010200002310;195/50R16 88V P 606 THREE A;195/50R16;65;0.00;124411.00;124411.00;D
1010200002316;195/55 R 15 85V  P606 THREE A;195/55R15;172;0.00;107973.00;107973.00;D
1010200002320;195/55R16 87V  ECO819 THREE A;195/55R16;314;0.00;113412.00;113412.00;D
1010200002380;205/45R17 88W ECO819 THREE A;205/45R17;21;0.00;126427.00;126427.00;D
1010200002407;205/55R17 95W P 606 THREE A;205/55R17;57;0.00;152030.00;152030.00;D
1010200002466;215/50ZR17 95Y P606  THREE A;215/50R17;18;0.00;142865.00;142865.00;D
1010200002475;215/55R17 ECO819 THREE A;215/55R17;113;0.00;148486.00;148486.00;D
1010200002482;215/55R18 99V ECOSAVER THREE A;215/55R18;24;0.00;177022.00;177022.00;D
1010200002497;215/60R17 96H ESCOSAVER THREE A;215/60R17;75;0.00;174089.00;174089.00;D
1010200002510;215/65R16 98H ECOSAVER THREE A;215/65R16;63;0.00;169018.00;169018.00;D
1010200002551;225/45ZR17 94W ECO819 THREE A;225/45R17;96;0.00;139320.00;139320.00;D
1010200002607;225/65ZR17 102H ECOSAVER THREE A;225/65R17;208;0.00;191566.00;191566.00;D
1010200002623;225/75R16  115S ECOLANDER THREE A;225/75R16;188;0.00;254626.00;254626.00;D
1010200002689;235/75R 15 116S ECOLANDER THREE A;235/75R15;31;0.00;277113.00;277113.00;D
1010200002721;245/65 R 17 107H ECOSAVER THREE A;245/65R17;74;0.00;240267.00;240267.00;D
1010200002726;245/70R 16 107H ECOSAVER THREE A;245/70R16;84;0.00;229268.00;229268.00;D
1010200002771;265/60R18 110H ECOSAVER THREE A;265/60R18;154;0.00;265564.00;265564.00;D
1010200002775;265/65R17 112T ECOLANDER THREE A;265/65R17;85;0.00;268620.00;268620.00;D
1010200002792;265/70 R 16 121R ECOLANDER THREE A;265/70R16;159;0.00;320009.00;320009.00;D
1010200004726;185/60 R 15 84H ECO809  THREE A;185/60R15;214;0.00;101618.00;101618.00;D
1010200004727;185/65 R 15 88H  ECO809  THREE A;185/65R15;154;0.00;105712.00;105712.00;D
1010200004729;195/65R15 91H ECO 809 THREE A;195/65R15;167;0.00;114512.00;114512.00;D
1010200004730;205/55 R 16 91V ECO809 THREE A;205/55R16;189;0.00;116956.00;116956.00;D
1010200006399;175/65R14 86T P326  THREE A;175/65R14;236;0.00;89581.00;89581.00;D
1010200006403;175/70R13 82T  P326 THREE A;175/70R13;213;0.00;87564.00;87564.00;D
1010200006411;185/70 R 14 88T P326  THREE A;185/70R14;44;0.00;108462.00;108462.00;D
1010200006451;195/70R14 91T P326 THREE A;195/70R14;30;0.00;120989.00;120989.00;D
1010200006453;165/70R13 79T P326 THREE A;165/70R13;224;0.00;85792.00;85792.00;D
1010200007508;175/70R14 84T P326 THREE A;175/70R14;93;0.00;91964.00;91964.00;D
1010200007511;185/60 R 14 82H P326  THREE A;185/60R14;111;0.00;99235.00;99235.00;D
1010200007514;185/65R 14 86H P326  THREE A;185/65R14;210;0.00;103574.00;103574.00;D
1010200007523;195/60R15 88V P 326 THREE A;195/60R15;449;0.00;118483.00;118483.00;D
102881;LT215/75 R 15  MUD TERRAIN T/A KM3 GOODRICH;V215/75R15;0;0.00;0.00;0.00;D
102881;LT215/75 R 15 MUD TERRAIN T/A KM3 GOODRICH;V215/75R15;0;0.00;0.00;0.00;D
112451;LT235/70 R 16 MUD TERRAIN T/A KM3 GOODRICH;V235/70R16;0;0.00;544294.00;544294.00;D
112451;DLT235/70 R 16 (20) MUD TERRAIN T/A KM3 GOODRICH;V235/70R16;0;0.00;544294.00;544294.00;D
112451;DLT235/70 R 16 (23) MUD TERRAIN T/A KM3 GOODRICH;235/70R16;25;0.00;544294.00;544294.00;D
112451;DLT235/70 R 16 (19) MUD TERRAIN T/A KM3 GOODRICH;V235/70R16;0;0.00;544294.00;544294.00;D
112506;D195/55 R 15 (25) ENERGY XM2 + 85V MICHELIN;195/55R15;36;0.00;209934.00;209934.00;D
112506;D195/55 R 15 (26) ENERGY XM2 + 85V MICHELIN;195/55R15;33;0.00;209934.00;209934.00;D
112506;D195/55 R 15 (24) ENERGY XM2 + 85V MICHELIN;195/55R15;11;0.00;209934.00;209934.00;D
112640;D235/60 R 17 (24) AGILIS 3 MICHELIN;235/60R17;5;0.00;513681.00;513681.00;D
115914;P225/60 R 15   RADIAL T/A 95S GOODRICH;225/60R15;0;0.00;561111.00;561111.00;D
115914;DP225/60 R 15 (20) RADIAL T/A 95S GOODRICH;V225/60R15;0;0.00;561111.00;561111.00;D
117408;P205/70 R 14 RADIAL T/A 93S GOODRICH;V205/70R14;0;0.00;475980.00;475980.00;D
117408;DP205/70 R 14 (24) RADIAL T/A 93S GOODRICH;V205/70R14;0;0.00;475980.00;475980.00;D
117408;P205/70 R 14 (25)  RADIAL T/A 93S GOODRICH;205/70R14;6;0.00;475980.00;475980.00;D
117408;DP205/70 R 14 (23) RADIAL T/A 93S GOODRICH;V205/70R14;0;0.00;475980.00;475980.00;D
117411;DP225/60 R 14  (24) RADIAL T/A 94S GOODRICH;225/60R14;7;0.00;497038.00;497038.00;D
117414;P235/60 R 14  RADIAL T/A 96S GOODRICH;V235/60R14;0;0.00;565356.00;565356.00;D
117414;DP235/60 R 14 (24) RADIAL T/A 96S GOODRICH;235/60R14;6;15.00;480552.60;565356.00;D
117414;DP235/60 R 14 (21) RADIAL T/A 96S GOODRICH;V235/60R14;0;0.00;565356.00;565356.00;D
117420;P235/70 R 15 RADIAL T/A 102S GOODRICH;V235/70R15;0;0.00;621734.00;621734.00;D
117420;DP235/70 R 15 (19) RADIAL T/A 102S GOODRICH;V235/70R15;0;75.00;155433.50;621734.00;D
117424;P255/60 R 15  RADIAL T/A 102S GOODRICH;255/60R15;0;0.00;623776.00;623776.00;D
117424;DP255/60 R 15 (19) RADIAL T/A 102S GOODRICH;V255/60R15;0;50.00;311888.00;623776.00;D
117424;DP255/60 R 15 (20) RADIAL T/A 102S GOODRICH;V255/60R15;0;50.00;311888.00;623776.00;D
117425;P275/60 R 15 RADIAL T/A 107S GOODRICH;275/60R15;0;0.00;674773.00;674773.00;D
120829;D265/70 R 16 (23) TRAIL TERRAIN T/A ORWL;265/70R16;14;0.00;576842.00;576842.00;D
120829;D265/70 R 16 (24) TRAIL TERRAIN T/A ORWL;265/70R16;10;0.00;576842.00;576842.00;D
120853;D225/45 ZR 19 (23) P SPORT 5 96Y MICHELIN;225/45R19;6;0.00;770355.00;770355.00;D
121040;DLT225/75R16 (25)  RWL  ALL TERRAIN T/A KO3 115/11;225/75R16;25;0.00;601543.00;601543.00;D
121256;D255/55 R 20 (23) XL TL X LT A/S 100H MICHELIN;V255/55R20;0;0.00;0.00;0.00;D
121256;D255/55 R 20 (25) XL TL X LT A/S 100H MICHELIN;V255/55R20;0;0.00;0.00;0.00;D
124215;DLT265/70 R 17  (22) ALL TERRAIN T/A KO2 GOODRICH;V265/70R17;0;0.00;654432.00;654432.00;D
124215;DLT265/70 R 17 (24) ALL TERRAIN T/A KO2 GOODRICH;265/70R17;0;8.00;602077.44;654432.00;D
124215;DLT265/70 R 17 (21) ALL TERRAIN T/A KO2 GOODRICH;V265/70R17;0;0.00;654432.00;654432.00;D
124215;DLT265/70 R 17 (23) ALL TERRAIN T/A KO2 GOODRICH;V265/70R17;0;0.00;654432.00;654432.00;D
124247;D275/55 R 20 (24) XL X LT A/S 117T MICHELIN;275/55R20;25;0.00;596335.00;596335.00;D
125768;D235/50 ZR 18  (22) PRIMACY 4 101Y  MICHELIN;V235/50R18;0;0.00;0.00;0.00;D
125768;D235/50 ZR 18 (19) PRIMACY 4 101Y  MICHELIN;V235/50R18;0;0.00;782243.87;782243.87;D
125768;D235/50 ZR 18 (20) PRIMACY 4 101Y  MICHELIN;V235/50R18;0;0.00;0.00;0.00;D
125768;D235/50 ZR 18 (21) PRIMACY 4 101Y  MICHELIN;V235/50R18;0;0.00;0.00;0.00;D
126305;D205/65 R 16 (25) AGILIS3 MICHELIN;205/65R16;51;20.00;352436.00;440545.00;D
126305;D205/65 R 16 (24) AGILIS3 MICHELIN;205/65R16;24;30.00;308381.50;440545.00;D
128401;DLT235/65 R 17 (22) ALL TERRAIN T/A KO2 GOODRICH;V235/65R17;0;10.00;596034.90;662261.00;D
129451;D30 X 9.5 R 15 (20) ALL TERRAIN T/A KO2 GOODRICH;V30X9.5R15;0;0.00;522145.00;522145.00;D
129451;D30 X 9.5 R 15 (21) ALL TERRAIN T/A KO2 GOODRICH;V30X9.5R15;0;15.00;443823.25;522145.00;D
129451;D30 X 9.5 R 15 (24) ALL TERRAIN T/A KO2 GOODRICH;30X9.5R15;8;0.00;522145.00;522145.00;D
129634;D235/45 ZR 17  (22) PRIMACY 4 97W MICHELIN;V235/45R17;0;0.00;475057.00;475057.00;D
129634;D235/45 ZR 17 (19) PRIMACY 4 97W MICHELIN;V235/45R17;0;0.00;475057.00;475057.00;D
129634;D235/45 ZR 17 (20) PRIMACY 4 97W MICHELIN;V235/45R17;0;30.00;332539.90;475057.00;D
129634;D235/45 ZR 17 (21) PRIMACY 4 97W MICHELIN;V235/45R17;0;25.00;356292.75;475057.00;D
129780;D275/60 R 20 (24) PRIMACY SUV+ 115H MICHELIN;275/60R20;13;0.00;1030354.00;1030354.00;D
131427;DLT265/60 R 18  (23) (FORD R) ALL TERRAIN T/A KO2;265/60R18;34;10.00;521878.50;579865.00;D
132621;D215/75 R 16  (25) AGILIS 3 MICHELIN;215/75R16;3;0.00;522443.00;522443.00;D
132621;D215/75 R 16 (24) AGILIS 3 MICHELIN;215/75R16;1;0.00;522443.00;522443.00;D
132621;D215/75 R 16 (26) AGILIS 3 MICHELIN;215/75R16;14;0.00;522443.00;522443.00;D
133404;D205/45 R17 (25) PRIMACY 3 ZP 88W MICHELIN;205/45R17;10;0.00;540403.00;540403.00;D
135676;D35X12.5 R 17 (24)  MUD TERRRAIN T/A KM3 GOODRICH;35X12.5R17;12;5.00;897522.95;944761.00;D
135676;D35X12.5 R 17 (23)  MUD TERRRAIN T/A KM3 GOODRICH;V35X12.5R17;0;0.00;944761.00;944761.00;D
137573;D205/65 R 15  (21) AGILIS 51 102T MICHELIN;205/65R15;2;10.00;223578.90;248421.00;D
144971;LT285/65R18 (25) RWL ALL TERRAIN T/A KO3 125/122SS;285/65R18;5;0.00;904709.00;904709.00;D
146092;DLT275/65 R 17 (24) ALL TERRAIN T/A KO2 GOODRICH;275/65R17;39;10.00;628711.20;698568.00;D
146104;DLT315/70 R 17 (24) AL TERRAIN T/A KO2 GOODRICH;V315/70R17;0;8.00;0.00;0.00;D
146104;DLT315/70 R 17 (25) AL TERRAIN T/A KO2 GOODRICH;V315/70R17;0;8.00;0.00;0.00;D
146104;DLT315/70 R 17 (23) AL TERRAIN T/A KO2 GOODRICH;V315/70R17;0;8.00;0.00;0.00;D
146108;D315/35 R 20  (22) ZP LATITUD SPORT 3 110Y MICHELI;V315/35R20;0;0.00;1424029.00;1424029.00;D
146108;D315/35 R 20 (24) ZP LATITUD SPORT 3 110Y MICHELIN;315/35R20;2;0.00;1424029.00;1424029.00;D
146108;D315/35 R 20 (21) ZP LATITUD SPORT 3 110Y MICHELIN;V315/35R20;0;0.00;1424029.00;1424029.00;D
146108;D315/35 R 20 (23) ZP LATITUD SPORT 3 110Y MICHELIN;V315/35R20;0;0.00;1424029.00;1424029.00;D
151472;235/55 R 19 LATITUDE SPORT 3 101W MICHELIN;V235/55R19;0;0.00;0.00;0.00;D
151472;D235/55 R 19 (21) LATITUDE SPORT 3 101W MICHELIN;V235/55R19;0;0.00;0.00;0.00;D
152292;D225/50 R 17 (23) PRIMACY 4 EX LOAD 98V MICHELIN;225/50R17;8;13.00;267987.84;308032.00;D
152292;D225/50 R 17   (22) PRIMACY 4 EX LOAD 98V MICHELIN;225/50R17;19;13.00;267987.84;308032.00;D
155894;D225/45 ZR 17  (25) ZP  PILOT SPORT 4 91W MICHELIN;225/45R17;1;0.00;409126.00;409126.00;D
155894;D225/45 ZR 17 (24) ZP  PILOT SPORT 4 91W MICHELIN;V225/45R17;0;0.00;409126.00;409126.00;D
155894;D225/45 ZR 17 (21) ZP  PILOT SPORT 4 91W MICHELIN;V225/45R17;0;0.00;409126.00;409126.00;D
155894;D225/45 ZR 17 (23) ZP  PILOT SPORT 4 91W MICHELIN;V225/45R17;0;0.00;409126.00;409126.00;D
158582;D265/65R17 (24) ORWL TRAIL-TERRAIN T/A 112T GOODRI;265/65R17;52;0.00;598718.00;598718.00;D
158582;D265/65R17 (25) ORWL TRAIL-TERRAIN T/A 112T GOODRI;265/65R17;8;0.00;598718.00;598718.00;D
166840;D235/45 ZR 19 (24) EXT LOAD P SPORT 4 Y MICHELIN;235/45R19;3;30.00;569587.90;813697.00;D
166840;D235/45 ZR 19  (25) EXT LOAD P SPORT 4 Y MICHELIN;235/45R19;16;27.00;593998.81;813697.00;D
167089;DLT315/70 R 17 (24) AL TERRAIN T/A KO2 GOODRICH;315/70R17;20;10.00;884057.40;982286.00;D
167883;D275/40 R 19 (24) ZP PRIMACY 3 101Y MICHELIN;275/40R19;9;0.00;1376450.00;1376450.00;D
169639;D265/65 R 17 (25) LT A/S 112T MICHELIN;265/65R17;47;0.00;379256.00;379256.00;D
169639;D265/65 R 17 (26) LT A/S 112T MICHELIN;265/65R17;27;0.00;379256.00;379256.00;D
172490;DLT225/70 R 16  (24) ALL TERRAIN T/A KO2 GOODRICH;225/70R16;15;0.00;498112.00;498112.00;D
176638;D185/65 R 15 (25)  ENERGY XM2+ 88H MICHELIN;185/65R15;18;0.00;209079.00;209079.00;D
176638;D185/65 R 15 (26) ENERGY XM2+ 88H MICHELIN;185/65R15;137;0.00;209079.00;209079.00;D
179454;DLT315/70 R17 (24) RWL ALL TERRAIN T/A KO3 128S GO;V315/70R17;0;0.00;944955.00;944955.00;D
179454;DLT315/70 R17 (25)  RWL ALL TERRAIN T/A KO3 128S G;315/70R17;37;0.00;944955.00;944955.00;D
179541;D245/65 R 17 (25)  ALL TERRAIN T/A KO3 GOODRICH;245/65R17;8;0.00;571239.00;571239.00;D
179541;D245/65 R 17 (26)  ALL TERRAIN T/A KO3 GOODRICH;245/65R17;66;0.00;571239.00;571239.00;D
184283;D215/60 R 16 (24) PRIMACY 4+ 99V MICHELIN;215/60R16;59;0.00;493901.00;493901.00;D
184336;D195/50R16 (24) 88V XL TL ADVANTAGE TOURING GO;195/50R16;4;0.00;194030.00;194030.00;D
184336;D195/50R16 (25) 88V XL TL ADVANTAGE TOURING GO;195/50R16;39;0.00;194030.00;194030.00;D
184355;DLT275/55R20  (25) ALL TERRAIN T/A KO3 115/112SSTD;275/55R20;3;0.00;751849.00;751849.00;D
184440;D235/50 R19 (24) XL  PILOT SPORT 4 SUV 103Y MICHEL;235/50R19;8;0.00;836544.00;836544.00;D
186714;DLT215/65 R 16  (22)  ALL TERRAIN T/A KO2 GOODRICH;V215/65R16;0;15.00;387707.95;456127.00;D
186714;DLT215/65 R 16 (24) ALL TERRAIN T/A KO2 GOODRICH;215/65R16;2;15.00;387707.95;456127.00;D
193715;D215/75 R 17.5  (23) XMULTI D 126M MICHELIN;215/75R17;7;25.00;396501.75;528669.00;D
194893;DLT245/65 R 17  (23) MUD TERRAIN T/A KM3 GOODRICH;245/65R17;7;0.00;789865.00;789865.00;D
194893;DLT245/65 R 17 (19) MUD TERRAIN T/A KM3 GOODRICH;V245/65R17;0;50.00;394932.50;789865.00;D
194893;DLT245/65 R 17 (21) MUD TERRAIN T/A KM3 GOODRICH;245/65R17;5;15.00;671385.25;789865.00;D
201998;D235/55 R 19  (22) LATITUDE SPORT 3 101V MICHELIN;V235/55R19;0;0.00;0.00;0.00;D
205058;195/55 R 16 91V PRIMACY 5 MICHELIN;195/55R16;76;0.00;255952.00;255952.00;D
206074;D225/60 R 17 (25) PRIMACY SUV + 99V MICHELIN;225/60R17;13;0.00;560235.00;560235.00;D
208035;D225/65 R 17 (25) LTX FORCE H MICHELIN;225/65R17;1;0.00;341469.00;341469.00;D
208035;D225/65 R 17 (26) LTX FORCE H MICHELIN;225/65R17;225;0.00;341469.00;341469.00;D
211598;DLT285/70 R 17 (22)  MUD TERRAIN T/A KM3 GOODRICH;285/70R17;8;15.00;765028.90;900034.00;D
211598;DLT285/70 R 17 (21) MUD TERRAIN T/A KM3 GOODRICH;285/70R17;2;20.00;720027.20;900034.00;D
211598;DLT285/70 R 17 (20) MUD TERRAIN T/A KM3 GOODRICH;V285/70R17;0;0.00;900034.00;900034.00;D
212105;D235/45 R 17 (22) PRIMACY 4+ 97W MICHELIN;235/45R17;3;15.00;403798.45;475057.00;D
212105;D235/45 R 17 (24) PRIMACY 4+ 97W MICHELIN;235/45R17;27;10.00;427551.30;475057.00;D
212105;D235/45 R 17 (25) PRIMACY 4+ 97W MICHELIN;235/45R17;5;10.00;427551.30;475057.00;D
214525;DLT255/70 R16 (25) LRD ALL TERRAINT T/A KO3 GOODRI;255/70R16;8;0.00;588383.00;588383.00;D
217502;D215/45 ZR17  (24) XL P SPORT 5 91Y MICHELIN;215/45R17;18;0.00;403705.00;403705.00;D
217502;D215/45 ZR17  (25) XL P SPORT 5 91Y MICHELIN;215/45R17;4;0.00;403705.00;403705.00;D
217672;LT295/55 R20  RBL ALL TERRAIN T/A KO3 123/120;295/55R20;0;0.00;950038.00;950038.00;D
221554;D275/40 R 20 (25) ZP LATITUDE SPORT 3 106W MICHELI;275/40R20;6;0.00;1304447.00;1304447.00;D
224999;D295/40 R 21  (22) P SPORT 4 SUV 111Y MICHELIN;295/40R21;2;10.00;1244256.30;1382507.00;D
225825;D245/70 R17 (22) XL ORWL TRAIL-TERRAIN T/A 114T GO;V245/70R17;0;0.00;582375.00;582375.00;D
226591;D225/50 RF 18 (24) ZP PRIMACY 4 95V MICHELIN;225/50R18;26;0.00;491883.00;491883.00;D
227379;D235/60 R 18 (25) PRIMACY SUV + MICHELIN;235/60R18;4;0.00;427416.00;427416.00;D
227379;D235/60 R 18 (24) PRIMACY SUV + MICHELIN;V235/60R18;0;0.00;427416.00;427416.00;D
227379;D235/60 R 18 (26) PRIMACY SUV + MICHELIN;235/60R18;62;0.00;427416.00;427416.00;D
228929;D37X12.5 R 18  (22) MUD TERRAIN T/A KM3 GOODRICH;37X12.5R18;4;1.50;1083795.50;1100300.00;D
228929;D37X12.5 R 18 (23) MUD TERRAIN T/A KM3 GOODRICH;37X12.5R18;9;0.00;1100300.00;1100300.00;D
228929;D37X12.5 R 18 (24) MUD TERRAIN T/A KM3 GOODRICH;37X12.5R18;3;0.00;1100300.00;1100300.00;D
230527;D225/65 R 16  (25) AGILIS 3 MICHELIN;225/65R16;2;0.00;443122.00;443122.00;D
230527;D225/65 R 16 (24) AGILIS 3 MICHELIN;225/65R16;16;0.00;443122.00;443122.00;D
23366;165/70R13 79T M-1      OUTRUN MOMO;165/70R13;0;0.00;0.00;0.00;D
23372;175/70R14 84T M-1      OUTRUN MOMO;175/70R14;6;0.00;126643.00;126643.00;D
23378;175/65 R 14 82T M1 OUTR MOMO;175/65R14;0;0.00;128030.00;128030.00;D
23381;185/65 R 14 86H M-2 OUTR MOMO;185/65R14;0;0.00;130939.00;130939.00;D
23384;185/60 R 14 82H M-2 OUTR MOMO;185/60R14;29;0.00;133570.00;133570.00;D
23395;185/65 R 15 88H  M-2 OUTR MOMO;185/65R15;0;0.00;170002.00;170002.00;D
23397;185/65R15 92T M-2      OUTRUN  MOMO;185/65R15;4;0.00;163461.00;163461.00;D
23401;195/65R15 91V M-2      OUTRUN  MOMO;195/65R15;28;0.00;186501.00;186501.00;D
23408;185/60 R 15 82H M-2 OUTR MOMO;185/60R15;0;0.00;142805.00;142805.00;D
23411;195/60R15 88H M-2      OUTRUN MOMO;195/60R15;30;0.00;162060.00;162060.00;D
23423;195/55 R 15 85H M-2 OUTR MOMO;195/55R15;0;0.00;160679.00;160679.00;D
23426;215/60R16 99H M-2      OUTRUN  MOMO;215/60R16;3;0.00;243064.00;243064.00;D
23431;205/55 R 16 91V M-3 OUTR MOMO;205/55R16;25;0.00;178225.00;178225.00;D
23445;215/55ZR17 98W M-3      OUTRUN  MOMO;215/55R17;11;0.00;220893.00;220893.00;D
23448;215/50ZR17 95Y M-3      OUTRUN  MOMO;215/50R17;8;0.00;205626.00;205626.00;D
23452;225/45ZR17 94Y M-3      OUTRUN  MOMO;225/45R17;8;0.00;200159.00;200159.00;D
235329;D195/65 R 16 (24) AGILIS 3 MICHELIN;195/65R16;14;0.00;396004.00;396004.00;D
235329;D195/65 R 16 (25) AGILIS 3 MICHELIN;195/65R16;39;0.00;396004.00;396004.00;D
236911;DLT265/70R16 (25)RWL  ALL TERRAIN T/A KO3 117/114S;265/70R16;23;0.00;614007.00;614007.00;D
237665;DLT265/65R17 (26)  RWL ALL TERRAIN T/A KO3 116/113;265/65R17;595;0.00;567729.00;567729.00;D
237665;DLT265/65R17 (25)  RWL ALL TERRAIN T/A KO3 116/113;265/65R17;1;0.00;567729.00;567729.00;D
238305;245/40 ZR 20 (25)  ZP P SPORT 4 MICHELIN;245/40R20;10;0.00;1397023.00;1397023.00;D
238305;245/40 ZR 20 (26)  ZP P SPORT 4 MICHELIN;245/40R20;7;0.00;1397023.00;1397023.00;D
24203;195/55R16 87H M-3      OUTRUN  MOMO;195/55R16;9;0.00;185866.00;185866.00;D
24210;205/45R17 88V M-3      OUTRUN  MOMO;205/45R17;14;0.00;231717.00;231717.00;D
242407;D235/55 R19 XL (24) ORBL TRAIL-TERRAIN T/A 105H GO;235/55R19;8;0.00;652716.00;652716.00;D
242407;D235/55 R19 (22) ORBL TRAIL-TERRAIN T/A 105H GOODR;V235/55R19;0;0.00;652716.00;652716.00;D
242407;D235/55 R19 (23) ORBL TRAIL-TERRAIN T/A 105H GOODR;V235/55R19;0;0.00;652716.00;652716.00;D
243266;D225/50 R 18 (25) PRIMACY 3 ZP W MICHELIN;V225/50R18;0;0.00;503063.00;503063.00;D
243266;D225/50 R 18 (24) PRIMACY 3 ZP W MICHELIN;225/50R18;28;0.00;503063.00;503063.00;D
249157;D195/75 R 16 (21) C MO-V AGILIS+  107/105R MICHELI;V195/75R16;0;0.00;0.00;0.00;D
249157;D195/75 R 16 (20) C MO-V AGILIS+  107/105R MICHELI;V195/75R16;0;0.00;0.00;0.00;D
249157;D195/75 R 16 (22)  C MO-V AGILIS+  107/105R MICHEL;V195/75R16;0;0.00;0.00;0.00;D
250804;DLT235/70R16 (24) RWL ALL TERRAIN T/A KO3 110/107S;235/70R16;4;0.00;544294.00;544294.00;D
250804;DLT235/70R16 (25) RWL ALL TERRAIN T/A KO3 110/107S;235/70R16;24;0.00;544294.00;544294.00;D
251064;D225/50R17 (24) 98V XL TL ADVANTAGE TOURING GO;225/50R17;14;0.00;235559.00;235559.00;D
251064;D225/50R17 (25) 98V XL TL ADVANTAGE TOURING GO;225/50R17;14;0.00;235559.00;235559.00;D
253505;D285/45 R 22 (24) TRAIL TERRAIN T/A 114 H GOODRICH;285/45R22;8;0.00;1044420.00;1044420.00;D
253958;D225/55 R 18  (22) PRIMACY 4 + 102V MICHELIN;V225/55R18;0;0.00;471287.00;471287.00;D
253958;D225/55 R 18  (23) PRIMACY 4 + 102V MICHELIN;V225/55R18;0;0.00;471287.00;471287.00;D
253958;D225/55 R 18  (24) PRIMACY 4 + 102V MICHELIN;225/55R18;1;3.00;457148.39;471287.00;D
257671;D235/60 R 16 (24) PRIMACY SUV+ 100H MICHELIN;235/60R16;23;0.00;389653.00;389653.00;D
262100;D245/40 R 18  (22) PRIMACY 3 97Y ZP MICHELIN;V245/40R18;0;0.00;829460.00;829460.00;D
262100;D245/40 R 18 (21) PRIMACY 3 97Y ZP MICHELIN;V245/40R18;0;0.00;829460.00;829460.00;D
262100;D245/40 R 18 (24) PRIMACY 3 97Y ZP MICHELIN;245/40R18;40;0.00;829460.00;829460.00;D
262100;D245/40 R 18 (19) PRIMACY 3 97Y ZP MICHELIN;V245/40R18;0;0.00;829460.00;829460.00;D
263856;D245/45 R 18 (22) PRIMACY 4+ 100W MICHELIN;245/45R18;5;10.00;601341.30;668157.00;D
267565;D225/45 ZR 19  (22) P SPORT 4 96Y MICHELIN;225/45R19;4;0.00;810897.00;810897.00;D
267565;D225/45 ZR 19 (21) P SPORT 4 96Y MICHELIN;V225/45R19;0;15.00;689262.45;810897.00;D
270015;D215/65 R17 (24) XL PRIMACY 4+ 103V MICHELIN;215/65R17;10;0.00;522511.00;522511.00;D
270677;295/45 R 20  LATITUDE SPORT3 110Y  MICHELIN;V295/45R20;0;0.00;0.00;0.00;D
270677;D295/45 R 20 (19) LATITUDE SPORT3 110Y  MICHELIN;V295/45R20;0;0.00;0.00;0.00;D
270677;D295/45 R 20  LATITUDE SPORT3 110Y  MICHELIN;V295/45R20;0;0.00;0.00;0.00;D
270677;D295/45 R 20 (21) LATITUDE SPORT3 110Y  MICHELIN;V295/45R20;0;0.00;0.00;0.00;D
274669;DLT285/75 R16 (25) LRE RWL ALL TERRAIN T/A KO3 126;285/75R16;31;0.00;867860.00;867860.00;D
278029;D215/65R 16C  (24) AGILIS 3 106/104T MICHELIN;215/65R16;4;0.00;425001.00;425001.00;D
280950;D295/80 R 22.5  (25) X LINE Z  MICHELIN;295/80R22;-48;3.00;783805.59;808047.00;D
281876;265/70 R 15 LTX FORCE  112T MICHELIN;V265/70R15;0;0.00;0.00;0.00;D
281876;D265/70 R 15 (19)  LTX FORCE  112T MICHELIN;V265/70R15;0;0.00;0.00;0.00;D
281876;D265/70 R 15 (20)  LTX FORCE  112T MICHELIN;V265/70R15;0;0.00;0.00;0.00;D
282216;D215/50 R17   (26) PRIMACY 4 + 95W  MICHELIN;215/50R17;85;3.50;286634.92;297031.00;D
282286;D265/70 R16 (25) LTX FORCE 112T MICHELIN;265/70R16;80;0.00;459661.00;459661.00;D
282553;D215/55 R 16 (24) PRIMACY 4+ 97W MICHELIN;215/55R16;5;0.00;393802.00;393802.00;D
282553;D215/55 R 16 (25) PRIMACY 4+ 97W MICHELIN;215/55R16;6;0.00;393802.00;393802.00;D
283254;D235/50 R 20 (22) P SPORT 4 SUV 104Y MICHELIN;235/50R20;2;0.00;1316609.00;1316609.00;D
283254;D235/50 R 20 (24) P SPORT 4 SUV 104Y MICHELIN;235/50R20;14;0.00;1316609.00;1316609.00;D
288543;275/35 R 19 ZP PRIMACY 3 100Y MICHELIN;V275/35R19;0;0.00;1459651.00;1459651.00;D
288543;D275/35 R 19 (24) ZP PRIMACY 3 100Y MICHELIN;275/35R19;5;0.00;1459651.00;1459651.00;D
288543;D275/35 R 19 (25) ZP PRIMACY 3 100Y MICHELIN;275/35R19;8;0.00;1459651.00;1459651.00;D
288543;D275/35 R 19 (21) ZP PRIMACY 3 100Y MICHELIN;V275/35R19;0;20.00;1167720.80;1459651.00;D
288652;D225/70 R 15  (22) 112/110R AGILIS MICHELIN;V225/70R15;0;0.00;0.00;0.00;D
288652;D225/70 R 15 (20) 112/110R AGILIS MICHELIN;V225/70R15;0;0.00;0.00;0.00;D
288652;D225/70 R 15 (21) 112/110R AGILIS MICHELIN;V225/70R15;0;0.00;0.00;0.00;D
291028;D245/65 R 17 (25) PRIMACY SUV +  107H MICHELIN;245/65R17;40;0.00;439064.00;439064.00;D
291112;D185/60R15 (25) 88H XL TL ADVANTAGE TOURING GO;185/60R15;40;0.00;177079.00;177079.00;D
29280;195/50R16 88H M-3      OUTRUN  MOMO;195/50R16;15;0.00;202760.00;202760.00;D
294826;D225/65 R 17 (26) PRIMACY SUV +  106H MICHELIN;225/65R17;20;0.00;373177.00;373177.00;D
298748;DLT265/70 R17 (24) RWL ALL TERRAIN T/A KO3 123/120;V265/70R17;0;0.00;654432.00;654432.00;D
298748;DLT265/70 R17 (25) RWL ALL TERRAIN T/A KO3 123/120;265/70R17;5;0.00;654432.00;654432.00;D
299132;D255/70 R17 (25) ORWL TRAIL-TERRAIN T/A 112T GOODR;255/70R17;27;0.00;641750.00;641750.00;D
299132;D255/70 R17 (24) ORWL TRAIL-TERRAIN T/A 112T GOODR;255/70R17;20;0.00;641750.00;641750.00;D
30186;175/70R13 82T M-1      OUTRUN MOMO;V175/70R13;0;0.00;0.00;0.00;D
303560;D31 X 10.5 R 15 (25) MUD TERRAIN T/A KM3 GOODRICH;31X10.5R15;12;0.00;698727.00;698727.00;D
303560;D31 X 10.5 R 15 (21) MUD TERRAIN T/A KM3 GOODRICH;V31X10.5R15;0;0.00;698727.00;698727.00;D
303560;D31 X 10.5 R 15 (20) MUD TERRAIN T/A KM3 GOODRICH;V31X10.5R15;0;0.00;698727.00;698727.00;D
303560;31 X 10.5 R 15 MUD TERRAIN T/A KM3 GOODRICH;V31X10.5R15;0;0.00;698727.00;698727.00;D
303560;D31 X 10.5 R 15  (22) MUD TERRAIN T/A KM3 GOODRICH;V31X10.5R15;0;0.00;698727.00;698727.00;D
304096;235/75R15 (25) 109T XLTL ADVANTAGE TOURING GO;235/75R15;10;0.00;309206.00;309206.00;D
304956;D255/55 R 19 LAT TOURHP 111W MICHELIN;V255/55R19;0;0.00;909236.00;909236.00;D
304956;255/55 R 19   LAT TOURHP 111W MICHELIN;255/55R19;0;0.00;909236.00;909236.00;D
304956;D255/55 R 19 (20)  LAT TOURHP 111W MICHELIN;V255/55R19;0;0.00;909236.00;909236.00;D
304956;D255/55 R 19 (21)  LAT TOURHP 111W MICHELIN;V255/55R19;0;0.00;909236.00;909236.00;D
307672;D35 X 12.5 R 15 (22) MUD TERRAIN T/A KM3 GOODRICH;V35X12.5R15;0;0.00;820046.00;820046.00;D
308917;D195/60 R 16 (24) ENERGY XM2 + 89H MICHELIN;195/60R16;10;0.00;370118.00;370118.00;D
310226;D235/45 R 20 (24) PRIMACY 4+ 100V MICHELIN;235/45R20;8;0.00;798324.00;798324.00;D
311608;DLT325/60 R 20 (22) MUD TERRAIN T/A KM3 GOODRICH;325/60R20;4;15.00;1095227.55;1288503.00;D
311608;DLT325/60 R 20 (24) MUD TERRAIN T/A KM3 GOODRICH;325/60R20;5;0.00;1288503.00;1288503.00;D
313698;DLT265/70 R 17 (24)  LTX AT2 121/118R  MICHELIN;265/70R17;34;0.00;771477.00;771477.00;D
316051;D255/35 ZR 18 (23) PILOT SPORT 4 ZP 94Y MICHELIN;255/35R18;2;0.00;973262.00;973262.00;D
316135;D225/60 R18  (25) LTX FORCE 104H MICHELIN;225/60R18;16;0.00;459720.00;459720.00;D
316135;D225/60 R18  (24) LTX FORCE 104H MICHELIN;225/60R18;14;0.00;459720.00;459720.00;D
317675;DLT235/75 R 15 (25) ALL TERRAIN T/A KO2 GOODRICH;235/75R15;16;8.00;497005.16;540223.00;D
322467;D295/80 R22.5 (25) DR550 TL152/148LV GOODRICH;295/80R22;4;3.00;676348.02;697266.00;D
322504;DLT325/60 R20 (25) ALL TERRAIN T/A KO3 128S GOODRI;325/60R20;1;0.00;1158205.00;1158205.00;D
325586;DLT245/70R17  (25) RWL  ALL TERRAIN T/A KO3 119/11;245/70R17;12;0.00;647084.00;647084.00;D
325586;DLT245/70R17  (26) RWL  ALL TERRAIN T/A KO3 119/11;245/70R17;20;0.00;647084.00;647084.00;D
325838;D205/55 R 16  (22) PRIMACY 3 91V  ZP MICHELIN;V205/55R16;0;30.00;275536.80;393624.00;D
325838;D205/55 R 16 (23) PRIMACY 3 91V  ZP MICHELIN;V205/55R16;0;30.00;275536.80;393624.00;D
326125;D205/75 R 16  (25) AGILIS 3 110/108R MICHELIN;205/75R16;12;0.00;382696.00;382696.00;D
330554;D215/60 R16 (26)  XL PRIMACY 5 95V MICHELIN;215/60R16;4;0.00;493901.00;493901.00;D
333672;D195/60R15 (24) 88H TL ADVANTAGE TOURING GO;V195/60R15;0;0.00;193446.00;193446.00;D
333672;D195/60R15 (25) 88H TL ADVANTAGE TOURING GO;195/60R15;30;0.00;193446.00;193446.00;D
334382;D225/45 ZR18 (25)  XL P SPORT 5 95Y MICHELIN;225/45R18;14;0.00;554126.00;554126.00;D
337123;DLT285/65 R20 (25) ALL TERRAIN T/A KO3 127/124S GO;285/65R20;4;0.00;998023.00;998023.00;D
337467;D255/40 ZR 19 (23) P SPORT 4 S 100Y MICHELIN;255/40R19;1;0.00;1168214.00;1168214.00;D
337467;D255/40 ZR 19 (24) P SPORT 4 S 100Y MICHELIN;255/40R19;1;0.00;1168214.00;1168214.00;D
337467;D255/40 ZR 19 (25) P SPORT 4 S 100Y MICHELIN;255/40R19;4;0.00;1168214.00;1168214.00;D
337832;D245/65R17 (26)  XL TL ORW TRAIL-TERRAIN T/A GOODR;245/65R17;0;0.00;548163.00;548163.00;D
341169;245/35 ZR 20 (22) P SPORT 4 S 95Y MICHELIN;245/35R20;1;10.00;1096399.80;1218222.00;D
341189;D225/55 R16  (24) PRIMACY 4+ 99W  MICHELIN;225/55R16;1;0.00;456685.00;456685.00;D
343343;D225/70 R 17  (25) LAT CROSS T MICHELIN;225/70R17;123;8.00;586080.48;637044.00;D
345344;D215/55 R17  (25) 94V PRIMACY 4+  MICHELIN;V215/55R17;0;5.00;296673.60;312288.00;D
345344;D215/55 R17  (24) 94V PRIMACY 4+  MICHELIN;V215/55R17;0;5.00;296673.60;312288.00;D
345504;D235/55 R 18 (23) PRIMACY 4 100V MICHELIN;V235/55R18;0;0.00;598343.00;598343.00;D
345504;D235/55 R 18  (22) PRIMACY 4 100V MICHELIN;V235/55R18;0;0.00;598343.00;598343.00;D
345504;235/55 R 18  PRIMACY 4 100V MICHELIN;235/55R18;0;0.00;598343.00;598343.00;D
346838;DLT255/70 R 16  (22) ALL TERRAIN T/A KO2 GOODRIH;V255/70R16;0;0.00;588383.00;588383.00;D
346838;DLT255/70 R 16 (24) ALL TERRAIN T/A KO2 GOODRIH;V255/70R16;0;8.00;541312.36;588383.00;D
346838;DLT255/70 R 16 (21) ALL TERRAIN T/A KO2 GOODRIH;V255/70R16;0;0.00;588383.00;588383.00;D
346838;DLT255/70 R 16 (23) ALL TERRAIN T/A KO2 GOODRIH;V255/70R16;0;0.00;588383.00;588383.00;D
350721;DLT265/70 R 16 (21) ALL TERRAIN T/A KO2 GOODRICH;V265/70R16;0;0.00;0.00;0.00;D
350723;DLT265/70 R 16 (24) MUD TERRAIN T/A KM3 GOODRICH;265/70R16;7;0.00;856586.00;856586.00;D
350723;DLT265/70 R 16 (19) MUD TERRAIN T/A KM3 GOODRICH;V265/70R16;0;50.00;428293.00;856586.00;D
350723;DLT265/70 R 16 (21) MUD TERRAIN T/A KM3 GOODRICH;265/70R16;5;30.00;599610.20;856586.00;D
352797;D235/65 R 17 (24) PRIMACY SUV + 108V MICHELIN;235/65R17;4;0.00;431317.00;431317.00;D
352797;D235/65 R 17 (25) PRIMACY SUV + 108V MICHELIN;235/65R17;26;0.00;431317.00;431317.00;D
353604;D235/60 R 17  (26) PRIMACY 4 + 100V MICHELIN;235/60R17;2;0.00;544271.00;544271.00;D
353604;D235/60 R 17  (24) PRIMACY 4 + 102V MICHELIN;235/60R17;34;0.00;544271.00;544271.00;D
360425;D295/80R22.5 (22) X WORKS Z  MICHELIN;V295/80R22;0;3.00;838117.83;864039.00;D
361598;D39X13.5 R 17 (25) MUD TERRAIN T/A KM3 GOODRICH;39X13.5R17;8;0.00;1512023.00;1512023.00;D
36589;LT315/75 R16  RWL  ALL TERRAN T/A KO3 GOODRICH;315/75R16;0;0.00;968618.00;968618.00;D
367768;D205/50R17 (25) 93V XL TL ADVANTAGE TOURING GO;205/50R17;14;0.00;219713.00;219713.00;D
368103;D225/45R17 (25) 94V XL TL ADVANTAGE TOURING GO;225/45R17;50;0.00;201619.00;201619.00;D
370749;DLT225/75 R 16 (21) ALL TERRAIN T/A KO2 GOODRICH;V225/75R16;0;0.00;571466.00;571466.00;D
370749;DLT225/75 R 16  (22) ALL TERRAIN T/A KO2 GOODRICH;V225/75R16;0;0.00;571466.00;571466.00;D
371721;D225/45 ZR17  (22) XL P SPORT 5 94Y MICHELIN;225/45R17;4;10.00;342167.40;380186.00;D
371721;D225/45 ZR17  (25) XL P SPORT 5 94Y MICHELIN;225/45R17;28;0.00;380186.00;380186.00;D
372241;D245/45 R 20  (24) ZP LATITUDE SPORT 3 103W MICHEL;245/45R20;8;0.00;1378657.00;1378657.00;D
373670;D235/60 R 18 (22)  XL ORBL TRAIL-TERRAIN T/A 107H;235/60R18;14;15.00;456501.00;537060.00;D
373670;D235/60 R 18 (23)  XL ORBL TRAIL-TERRAIN T/A 107H;235/60R18;2;0.00;537060.00;537060.00;D
374598;D235/55 R 20  (22) PRIMACY SUV H MICHELIN;235/55R20;2;20.00;749902.40;937378.00;D
374598;D235/55 R 20 (20) PRIMACY SUV H MICHELIN;V235/55R20;0;50.00;468689.00;937378.00;D
375671;DLT275/70R17 (26) RWL ALL TERRAIN T/A KO3 GOODRICH;275/70R17;6;0.00;810706.00;810706.00;D
379499;D255/40 ZR 18   (22) ZP PILOT SPORT 4 99Y EXTRA LO;255/40R18;2;10.00;777359.70;863733.00;D
379499;D255/40 ZR 18 (24)  ZP PILOT SPORT 4 99Y EXTRA LOA;255/40R18;2;0.00;863733.00;863733.00;D
379499;D255/40 ZR 18 (25)  ZP PILOT SPORT 4 99Y EXTRA LOA;255/40R18;4;0.00;863733.00;863733.00;D
381987;DLT265/60 R 20 (24) ALL TERRAIN T/A KO2 GOODRICH;V265/60R20;0;10.00;777996.00;864440.00;D
385052;D275/55 R 20  (22) X LT A/S 113T MICHELIN;V275/55R20;0;5.00;566518.25;596335.00;D
385052;D275/55 R 20 (24) X LT A/S 113T MICHELIN;V275/55R20;0;5.00;566518.25;596335.00;D
385052;D275/55 R 20 (21) X LT A/S 113T MICHELIN;V275/55R20;0;0.00;596335.00;596335.00;D
385052;D275/55 R 20 (23) X LT A/S 113T MICHELIN;V275/55R20;0;5.00;566518.25;596335.00;D
385430;DLT305/70 R17 (25) RWL ALL TERRAIN T/A KO3 128S GO;305/70R17;23;0.00;850460.00;850460.00;D
386546;DLT245/75R16 (25) RWL  ALL TERRAIN T/A KO3 120/116;245/75R16;4;0.00;668457.00;668457.00;D
386557;10-16.5  )NNHS / 10PR SKS 753 CAMSO;10-16.5;0;0.00;625790.00;625790.00;O
387467;D245/40 R 19  (24) ZP PRIMACY 3 98Y MICHELIN;245/40R19;10;0.00;1029006.00;1029006.00;D
387467;D245/40 R 19 (20) ZP PRIMACY 3 98Y MICHELIN;V245/40R19;0;0.00;1029006.00;1029006.00;D
387467;D245/40 R 19 (21) ZP PRIMACY 3 98Y MICHELIN;V245/40R19;0;0.00;1029006.00;1029006.00;D
387467;D245/40 R 19 (23) ZP PRIMACY 3 98Y MICHELIN;V245/40R19;0;0.00;1029006.00;1029006.00;D
387980;D215/70 R 16 (25) C AGILIS 3 108/106T MICHELIN;215/70R16;19;0.00;413430.00;413430.00;D
388514;D255/35 ZR 19 (25)  PILOT SPORT ZP 4 96Y MICHELIN;255/35R19;4;0.00;1162713.00;1162713.00;D
388514;D255/35 ZR 19 (26)  PILOT SPORT ZP 4 96Y MICHELIN;255/35R19;6;0.00;1162713.00;1162713.00;D
389451;D295/80 R 22.5  (26) X MULTI D2 MICHELIN;295/80R22;637;3.00;861157.27;887791.00;D
389451;D295/80 R 22.5 (25) X MULTI D2   MICHELIN;V295/80R22;2;3.00;861157.27;887791.00;D
390965;D205/55 R17   (25) ZP PRIMACY 3 95W MICHELIN;205/55R17;4;0.00;705037.00;705037.00;D
393352;D225/45 R 18 (26) EXTRA LOA.D MOE ZP PRIMACY 3 MIC;225/45R18;9;0.00;677134.00;677134.00;D
393352;D225/45 R 18 (25)  EXTRA LOAD MOE ZP PRIMACY 3 MIC;225/45R18;2;0.00;677134.00;677134.00;D
393352;D225/45 R 18 (24) EXTRA LOAD MOE ZP PRIMACY 3 MICH;225/45R18;1;0.00;677134.00;677134.00;D
394086;D295/35 ZR 21 (24) XL P SPORT 4 107Y MICHELIN;295/35R21;3;0.00;1621460.00;1621460.00;D
396252;D205/40 ZR 17  (22) P SPORT 5 84Y  MICHELIN;V205/40R17;0;0.00;397987.00;397987.00;D
396252;D205/40 ZR 17  (23) P SPORT 5 84Y  MICHELIN;205/40R17;2;0.00;397987.00;397987.00;D
396922;D205/65 R 15 (25) LTX FORCE 94T MICHELIN;205/65R15;31;0.00;248421.00;248421.00;D
396922;D205/65 R 15 (24) LTX FORCE 94T MICHELIN;205/65R15;1;0.00;248421.00;248421.00;D
397134;D205/70 R 15 (20) AGILIS 106/104R MICHELIN;V205/70R15;0;0.00;423052.00;423052.00;D
397134;D205/70 R 15 (21) AGILIS 106/104R MICHELIN;V205/70R15;0;15.00;359594.20;423052.00;D
397134;D205/70 R 15 (19) AGILIS 106/104R MICHELIN;V205/70R15;0;0.00;423052.00;423052.00;D
397134;D205/70 R 15  (22) AGILIS 106/104R MICHELIN;205/70R15;10;5.00;401899.40;423052.00;D
397696;LT225/75 R 16 LTX A/T 2 115/112R  MICHELIN;V225/75R16;0;0.00;0.00;0.00;D
397696;DLT225/75 R 16 (20) LTX A/T 2 115/112R  MICHELIN;V225/75R16;0;0.00;0.00;0.00;D
397696;DLT225/75 R 16 (19) LTX A/T 2 115/112R  MICHELIN;V225/75R16;0;0.00;0.00;0.00;D
397696;DLT225/75 R 16 (21) LTX A/T 2 115/112R  MICHELIN;V225/75R16;0;0.00;0.00;0.00;D
398770;D205/55 R 16  (22) P SPORT 4 94Y MICHELIN;V205/55R16;0;0.00;375696.00;375696.00;D
398770;D205/55 R 16 (20) P SPORT 4 94Y MICHELIN;V205/55R16;0;0.00;375696.00;375696.00;D
398770;D205/55 R 16 (21) P SPORT 4 94Y MICHELIN;V205/55R16;0;0.00;375696.00;375696.00;D
400-8;CAMARA 400-8 TR13 DONG AH (45) 23;400-8;225;30.00;4792.20;6846.00;D
400-8;CAMARA 400-8 TR13 DONG AH (45) 22;400-8;9779;30.00;4792.20;6846.00;D
400-8;CAMARA 400-8 TR13 DONG AH (45);400-8;32;30.00;4792.20;6846.00;D
402102;D265/65R17 (25) 112H TL ADVANTAGE TOURING GO;265/65R17;14;0.00;331443.00;331443.00;D
402748;D275/40 ZR 22 (22) P SPORT 4 S108Y MICHELIN;V275/40R22;0;0.00;1455286.00;1455286.00;D
403710;D215/50R17 (23) 95V XL TL ADVANTAGE TOURING GO;215/50R17;32;0.00;239708.00;239708.00;D
403710;D215/50R17 (25) 95V XL TL ADVANTAGE TOURING GO;215/50R17;9;0.00;239708.00;239708.00;D
403774;DLT305/55 R20 (25) ALL TERRAIN T/A KO3 125S GOODRI;305/55R20;10;0.00;1052914.00;1052914.00;D
406617;D275/40 R 21 (22)  P SPORT 4 SUV 107Y MICHELIN;275/40R21;4;25.00;1032423.00;1376564.00;D
408613;DLT245/75 R 16 (21) LTX AT2 MICHELIN;245/75R16;1;45.00;187287.65;340523.00;D
409539;215/50 R 18   PRIMACY 3 92W MICHELIN;V215/50R18;0;0.00;0.00;0.00;D
409539;D215/50 R 18 (19) PRIMACY 3 92W MICHELIN;V215/50R18;0;0.00;0.00;0.00;D
413756;225/45 ZR 18 P SPORT 4 95Y MICHELIN;V225/45R18;0;0.00;0.00;0.00;D
413756;D225/45 ZR 18 (20) P SPORT 4 95Y MICHELIN;V225/45R18;0;0.00;0.00;0.00;D
413756;225/45 ZR 18  P SPORT 4 95Y MICHELIN;V225/45R18;0;0.00;0.00;0.00;D
413756;D225/45 ZR 18 (19) P SPORT 4 95Y MICHELIN;V225/45R18;0;0.00;594357.61;594357.61;D
414174;DLT285/65 R 20  (22) ALL TERRAIN T/A KO2 GOODRICH;285/65R20;0;20.00;798418.40;998023.00;D
414174;DLT285/65 R 20 (21) ALL TERRAIN T/A KO2 GOODRICH;V285/65R20;0;0.00;998023.00;998023.00;D
414174;DLT285/65 R 20 (23) ALL TERRAIN T/A KO2 GOODRICH;V285/65R20;0;8.00;918181.16;998023.00;D
414174;DLT285/65 R 20 (24) ALL TERRAIN T/A KO2 GOODRICH;285/65R20;5;20.00;798418.40;998023.00;D
414273;D205/55R16 (25) 91V TL ADVANTAGE TOURING GO;205/55R16;94;0.00;175867.00;175867.00;D
414419;D245/50 R 19  (24) ZP LAT SPORT 3 105W MICHELIN;245/50R19;12;0.00;1103699.00;1103699.00;D
415764;D235/45 ZR 19  (24) P SPORT 5 99Y MICHELIN;235/45R19;81;13.00;601728.54;691642.00;D
415764;D235/45 ZR 19  (23) P SPORT 5 99Y MICHELIN;V235/45R19;0;13.00;601728.54;691642.00;D
416384;D235/65 R17 (25) XL ORWL TRAIL-TERRAIN T/A 108T GO;235/65R17;22;0.00;516929.00;516929.00;D
416384;D235/65 R17 (23) XL ORWL TRAIL-TERRAIN T/A 108T GO;V235/65R17;0;0.00;516929.00;516929.00;D
416384;D235/65 R17 (24) XL ORWL TRAIL-TERRAIN T/A 108T GO;235/65R17;3;0.00;516929.00;516929.00;D
423863;255/65 R 17 LATITUDE CROSS MICHELIN;V255/65R17;0;0.00;0.00;0.00;D
423863;D255/65 R 17 (21) LATITUDE CROSS MICHELIN;V255/65R17;0;0.00;0.00;0.00;D
423863;D255/65 R 17 (20) LATITUDE CROSS MICHELIN;V255/65R17;0;0.00;0.00;0.00;D
427215;D195/80 R 14 (20) AGILIS 106R MICHELIN;V195R14;0;30.00;0.00;0.00;D
427215;195/80 R 14 AGILIS 106R MICHELIN;V195R14;0;0.00;0.00;0.00;D
427215;D195/80 R 14 (19) AGILIS 106R MICHELIN;V195R14;0;0.00;0.00;0.00;D
430332;D215/55 R 17 (26) PRIMACY 5 94V MICHELIN;215/55R17;290;0.00;312953.00;312953.00;D
431065;D265/65 R17  (25) LTX TRAIL ST 112H MICHELIN;V265/65R17;0;0.00;366573.00;366573.00;D
431065;D265/65 R17  (26) LTX TRAIL ST 112H MICHELIN;265/65R17;767;0.00;366573.00;366573.00;D
433460;D295/35 R 21 (21) LAT SPORT 3 107Y  MICHELIN;V295/35R21;0;15.00;1378240.15;1621459.00;D
433460;D295/35 R 21 (23) LAT SPORT 3 107Y  MICHELIN;295/35R21;2;0.00;1621459.00;1621459.00;D
433460;D295/35 R 21 (22)  LAT SPORT 3 107Y  MICHELIN;295/35R21;2;0.00;1621459.00;1621459.00;D
435167;DLT275/70 R 18 (24) ALL TERRAIN T/A KO2 GOODRICH;275/70R18;47;25.00;605297.25;807063.00;D
436654;D265/60R18 (25) 110H TL ADVANTAGE TOURING GO;265/60R18;28;0.00;331616.00;331616.00;D
438732;31X10.5 R 15 (25) ALL TERRAIN T/A KO3 GOODRICH;31X10.5R15;11;0.00;556247.00;556247.00;D
438732;D31X10.5 R 15 (26) ALL TERRAIN T/A KO3 GOODRICH;31X10.5R15;13;0.00;556247.00;556247.00;D
439623;D215/55 R 16  (22) PRIMACY 4 97W MICHELIN;215/55R16;10;15.00;334731.70;393802.00;D
440348;D205/65R15 (25) 99H XL TL ADVANTAGE TOURING GO;205/65R15;10;0.00;215514.00;215514.00;D
442737;D33 X 12.5 R 15  (22) MUD TERRAIN T/A KM3 GOODRICH;33X12.5R15;2;15.00;683179.00;803740.00;D
442737;D33 X 12.5 R 15 (24) MUD TERRAIN T/A KM3 GOODRICH;33X12.5R15;2;0.00;803740.00;803740.00;D
443149;D195/55 R 16 (26) 87V PRIMACY 4 MICHELIN;195/55R16;-4;0.00;255953.00;255953.00;D
443149;D195/55 R 16 (25) 87V PRIMACY 4 MICHELIN;195/55R16;0;0.00;255953.00;255953.00;D
443196;D275/60 R20  (25) ORWL TRAIL-TERRAIN T/A 115T GOOD;275/60R20;20;0.00;854524.00;854524.00;D
443196;D275/60 R20  (24) ORWL TRAIL-TERRAIN T/A 115T GOOD;275/60R20;16;0.00;854524.00;854524.00;D
444057;D205/55R16   (26) PRIMACY 4+ 91V MICHELIN;205/55R16;34;0.00;243841.00;243841.00;D
446848;D215/60 R 16 (19) PRIMACY 4 99V MICHELIN;V215/60R16;0;0.00;541821.21;541821.21;D
446848;D215/60 R 16 (20) PRIMACY 4 99V MICHELIN;V215/60R16;0;0.00;493901.00;493901.00;D
446848;D215/60 R 16 (21) PRIMACY 4 99V MICHELIN;V215/60R16;0;15.00;419815.85;493901.00;D
446848;215/60 R 16  PRIMACY 4 99V MICHELIN;V215/60R16;0;0.00;493901.00;493901.00;D
447166;DLT305/55 R 20  (23) ALL TERRAIN T/A KO2 GOODRICH;V305/55R20;0;8.00;968680.88;1052914.00;D
447166;DLT305/55 R 20  (22) ALL TERRAIN T/A KO2 GOODRICH;V305/55R20;0;8.00;968680.88;1052914.00;D
447166;DLT305/55 R 20 (21) ALL TERRAIN T/A KO2 GOODRICH;V305/55R20;0;15.00;894976.90;1052914.00;D
447166;DLT305/55 R 20 (20) ALL TERRAIN T/A KO2 GOODRICH;V305/55R20;0;0.00;1052914.00;1052914.00;D
447950;D245/70 R 16  (25) LTX FORCE 111T MICHELIN;245/70R16;22;0.00;425302.00;425302.00;D
447950;D245/70 R 16 (26)  LTX FORCE 111T MICHELIN;245/70R16;238;0.00;425302.00;425302.00;D
448208;D37X12.50 R17 (25) LT LRF RWL ALL TERRAIN T/A KO3;V37X12.5R17;0;0.00;966991.00;966991.00;D
449447;DLT225/65R17 (25) ALL TERRAIN T/A KO3 107/103SSTD;225/65R17;12;0.00;527740.00;527740.00;D
452329;D225/50 R 17 (20) PRIMACY 4 98Y MICHELIN;V225/50R17;0;0.00;308032.00;308032.00;D
452329;D225/50 R 17 (22)  PRIMACY 4 98Y MICHELIN;V225/50R17;0;15.00;261827.20;308032.00;D
452329;D225/50 R 17 (21) PRIMACY 4 98Y MICHELIN;V225/50R17;0;0.00;308032.00;308032.00;D
456336;DLT245/70R16 (24) RWL ALL TERRAIN T/A KO3 113/110S;245/70R16;4;0.00;459799.00;459799.00;D
456336;DLT245/70R16 (25) RWL ALL TERRAIN T/A KO3 113/110S;245/70R16;28;0.00;459799.00;459799.00;D
457942;D235/60 R 16  (22) 100H PRIMACY SUV MICHELIN;V235/60R16;0;0.00;389653.00;389653.00;D
457942;D235/60 R 16 (21) 100H PRIMACY SUV MICHELIN;235/60R16;1;15.00;331205.05;389653.00;D
463996;LT215/75 R15 (25) ALL TERRAIN T/A KO3 GOODRICH;215/75R15;68;0.00;467741.00;467741.00;D
468380;DLT285/70R17 (25) LRC RWL ALL TERRAIN T/A KO3 GOOD;285/70R17;17;0.00;810007.00;810007.00;D
472179;DLT235/75 R 15 (25) ALL TERRAIN T/A KO3 GOODRICH;235/75R15;24;0.00;540223.00;540223.00;D
474002;D215/45 R 16 (24) P SPORT 3  AODT1 90V MICHELIN;215/45R16;17;0.00;473616.00;473616.00;D
477308;D285/40 R 21  (22) P SPORT 4 SUV 109Y MICHELIN;285/40R21;4;10.00;1294441.20;1438268.00;D
477308;D285/40 R 21  (23) P SPORT 4 SUV 109Y MICHELIN;285/40R21;2;0.00;1438268.00;1438268.00;D
478670;225/45 R17  P SPORT 4  94Y MICHELIN;V225/45R17;0;0.00;0.00;0.00;D
478670;D225/45 R17  (21) P SPORT 4  94Y MICHELIN;V225/45R17;0;0.00;0.00;0.00;D
478670;D225/45 R17  (20) P SPORT 4  94Y MICHELIN;V225/45R17;0;0.00;0.00;0.00;D
481619;D215/55 R17  (23) 94V PRIMACY 4  MICHELIN;V215/55R17;0;0.00;0.00;0.00;D
481619;D215/55 R17  (22) 94V PRIMACY 4  MICHELIN;V215/55R17;0;0.00;0.00;0.00;D
481619;D215/55 R17 (21) 94V PRIMACY 4  MICHELIN;V215/55R17;0;0.00;0.00;0.00;D
481619;D215/55 R17 (20) 94V PRIMACY 4  MICHELIN;V215/55R17;0;0.00;0.00;0.00;D
483447;40X13.50R18/F LT AT/TA KO3 GOODRICHG;40X13.5R18;0;0.00;1785501.00;1785501.00;D
483453;D255/50 R 19 (21) MO LAT SPORT 3 107W MICHELIN;V255/50R19;0;0.00;1000872.00;1000872.00;D
483453;255/50 R 19   MO LAT SPORT 3 107W MICHELIN;255/50R19;0;0.00;1000872.00;1000872.00;D
488915;D275/40 R 20  (22) ZP LATITUDE SPORT 3 106Y MICHEL;V275/40R20;0;0.00;1304447.00;1304447.00;D
488915;D275/40 R 20 (24) ZP LATITUDE SPORT 3 106Y MICHELI;V275/40R20;0;0.00;1304447.00;1304447.00;D
488915;D275/40 R 20 (20) ZP LATITUDE SPORT 3 106Y MICHELI;V275/40R20;0;0.00;1304447.00;1304447.00;D
488915;D275/40 R 20 (21) ZP LATITUDE SPORT 3 106Y MICHELI;V275/40R20;0;15.00;1108779.95;1304447.00;D
488916;D205/60 R16  (22) PRIMACY 4 92V  MICHELIN;V205/60R16;0;0.00;0.00;0.00;D
488916;D205/60 R16 (20) PRIMACY 4 92V  MICHELIN;V205/60R16;0;0.00;406646.05;406646.05;D
488916;D205/60 R16 (21) PRIMACY 4 92V  MICHELIN;V205/60R16;0;0.00;0.00;0.00;D
489162;D235/55 R 17  (22) EXTRA L  PRIMACY 4 103Y MICHELI;V235/55R17;0;0.00;0.00;0.00;D
489162;D235/55 R 17 (20) EXTRA L  PRIMACY 4 103Y MICHELIN;V235/55R17;0;0.00;0.00;0.00;D
489162;D235/55 R 17 (21) EXTRA L  PRIMACY 4 103Y MICHELIN;V235/55R17;0;0.00;0.00;0.00;D
490662;D235/55 R 19 (25)  P SPORT 4 SUV 105Y MICHELIN;235/55R19;4;0.00;712060.00;712060.00;D
490662;D235/55 R 19 (24) P SPORT 4 SUV 105Y MICHELIN;235/55R19;3;0.00;712060.00;712060.00;D
494228;D185/60 R 15 (26) PRIMACY 4 84H MICHELIN;185/60R15;199;0.00;185162.00;185162.00;D
494228;D185/60 R 15 (25) PRIMACY 4 88H MICHELIN;185/60R15;7;0.00;185162.00;185162.00;D
495298;235/65 R 17 P S PORT 4 SUV 108V MICHELIN;V235/65R17;0;0.00;0.00;0.00;D
495298;D235/65 R 17 (20) P S PORT 4 SUV 108V MICHELIN;V235/65R17;0;0.00;0.00;0.00;D
495298;D235/65 R 17 (21) P S PORT 4 SUV 108V MICHELIN;V235/65R17;0;0.00;0.00;0.00;D
495920;LT255/65 R17 ALL TERRAIN T/A KO3 GOODRICH;255/65R17;0;0.00;597363.00;597363.00;D
497906;D235/60 R18 (24) P SPORT 4 SUV 107W  MICHELIN;235/60R18;14;0.00;533875.00;533875.00;D
498361;D175/70 R14 (26) 88T ENERGY XM2 + MICHELIN;175/70R14;65;0.00;189451.00;189451.00;D
498361;D175/70 R14 (25) 88T ENERGY XM2 + MICHELIN;175/70R14;11;0.00;189451.00;189451.00;D
500453;D205/40 ZR 17 (21) P SPORT 4 84Y  MICHELIN;205/40R17;4;15.00;338288.95;397987.00;D
500453;205/40 ZR 17 P SPORT 4 84Y  MICHELIN;V205/40R17;0;0.00;397987.00;397987.00;D
500483;255/40 R 21 (25)  P SPORT 4 SUV 102Y MICHELIN;255/40R21;4;0.00;1516933.00;1516933.00;D
504069;D225/45 ZR 18  (24) P SPORT 4  ZP 95Y MICHELIN;V225/45R18;0;0.00;687036.00;687036.00;D
504069;D225/45 ZR 18 (26) P SPORT 4  ZP 95Y MICHELIN;225/45R18;10;0.00;687036.00;687036.00;D
504069;D225/45 ZR 18 (25) P SPORT 4  ZP 95Y MICHELIN;225/45R18;5;0.00;687036.00;687036.00;D
507853;D275/80 R22.5 (25)  X MULTIZ 149/146L MICHELIN;275/80R22;2;3.00;812404.10;837530.00;D
508642;D235/45 R 18 (24) PRIMACY 4+  98Y MICHELIN;235/45R18;18;0.00;650339.00;650339.00;D
508642;D235/45 R 18 (25) PRIMACY 4+  98Y MICHELIN;235/45R18;6;0.00;650339.00;650339.00;D
513721;D215/60 R16 (20) AGILIS51 103/101T MICHELIN;V215/60R16;0;0.00;0.00;0.00;D
513721;215/60 R16  AGILIS51 103/101T MICHELIN;V215/60R16;0;0.00;0.00;0.00;D
513721;D215/60 R16 (19) AGILIS51 103/101T MICHELIN;V215/60R16;0;0.00;0.00;0.00;D
514028;255/55 R 18 LATITUDE SPORT 109Y MICHELIN;V255/55R18;0;0.00;782511.00;782511.00;D
514028;D255/55 R 18 (20)  LATITUDE SPORT 109Y MICHELIN;V255/55R18;0;0.00;782511.00;782511.00;D
514028;D255/55 R 18 (21)  LATITUDE SPORT 109Y MICHELIN;V255/55R18;0;25.00;586883.25;782511.00;D
525868;D205/50 ZR 17  (24) P SPORT 4 93Y MICHELIN;205/50R17;12;0.00;457183.00;457183.00;D
533181;D215/65 R 15  (22) AGILIS 3 104/102 T MICHELIN;215/65R15;11;10.00;375358.50;417065.00;D
533181;D215/65 R 15 (23) AGILIS 3 104/102 T MICHELIN;215/65R15;1;0.00;417065.00;417065.00;D
534679;D245/40 ZR 18  (25) P SPORT 5 97Y MICHELIN;245/40R18;42;0.00;716820.00;716820.00;D
534786;D185/65R14 (25) 90H XL TL ADVANTAGE TOURING GO;185/65R14;33;0.00;174872.00;174872.00;D
540662;205/40 ZR 18  P SPORT 5 86Y MICHELIN;205/40R18;0;0.00;470165.00;470165.00;D
542695;D235/40 ZR 18 (20) P SPORT 4 95Y MICHELIN;V235/40R18;0;50.00;305172.50;610345.00;D
543252;D255/70 R16 (26) TRAIL TERRAIN T/A GOODRICH;255/70R16;20;0.00;510071.00;510071.00;D
543939;D285/45 R 19 (22)  ZP LATITUDE SPORT 3 111 W MICHE;285/45R19;4;0.00;1196921.00;1196921.00;D
543953;D195/70 R 15  (22) AGILIS R 104R MICHELIN;V195/70R15;0;0.00;0.00;0.00;D
543953;D195/70 R 15 (23) AGILIS R 104R MICHELIN;V195/70R15;0;0.00;0.00;0.00;D
543953;D195/70 R 15 (20) AGILIS R 104R MICHELIN;V195/70R15;0;0.00;0.00;0.00;D
543953;D195/70 R 15 (21) AGILIS R 104R MICHELIN;V195/70R15;0;15.00;0.00;0.00;D
544381;285/45 R 19  111W LAT SPORT 3 MICHELIN;V285/45R19;0;0.00;1088103.00;1088103.00;D
544381;D285/45 R 19  (19) 111W LAT SPORT 3 MICHELIN;V285/45R19;0;0.00;1088103.00;1088103.00;D
544381;D285/45 R 19  (21) 111W LAT SPORT 3 MICHELIN;285/45R19;2;15.00;924887.55;1088103.00;D
544440;D265/60 R18   (24) PRIMACY SUV+ 110H MICHELIN;265/60R18;2;10.00;341150.40;379056.00;D
545416;DLT245/70 R 17 (22) ALL TERRAIN T/A KO2  GOODRICH;V245/70R17;0;0.00;0.00;0.00;D
545416;DLT245/70 R 17 (24) ALL TERRAIN T/A KO2  GOODRICH;V245/70R17;0;0.00;0.00;0.00;D
545416;DLT245/70 R 17 (21) ALL TERRAIN T/A KO2  GOODRICH;V245/70R17;0;0.00;0.00;0.00;D
545416;DLT245/70 R 17 (19) ALL TERRAIN T/A KO2  GOODRICH;V245/70R17;0;0.00;0.00;0.00;D
545550;D245/40 ZR 18 (22)  P SPORT 4 97Y MICHELIN;V245/40R18;0;0.00;763482.06;763482.06;D
545550;D245/40 ZR 18 (19) P SPORT 4 97Y MICHELIN;V245/40R18;0;0.00;763482.06;763482.06;D
545550;D245/40 ZR 18 (20) P SPORT 4 97Y MICHELIN;V245/40R18;0;0.00;0.00;0.00;D
545550;D245/40 ZR 18 (21) P SPORT 4 97Y MICHELIN;V245/40R18;0;0.00;0.00;0.00;D
546862;DLT265/65 R 17 (24) ALL TERRAIN T/A KO2 GOODRICH;265/65R17;0;0.00;567729.00;567729.00;D
548742;D215/60 R16 (22)  AGILIS 3 MICHELIN;215/60R16;8;0.00;429667.00;429667.00;D
548742;D215/60 R16  (21) AGILIS 3 MICHELIN;215/60R16;6;15.00;365216.95;429667.00;D
551571;D255/40 ZR 18  (24) PILOT SPORT 5 99Y MICHELIN;255/40R18;4;0.00;600862.00;600862.00;D
555307;D185/60 R 14 (25) 82H ENERGY XM2 + MICHELIN;185/60R14;86;0.00;201187.00;201187.00;D
558009;D205/55 R16 (26) PRIMACY 5 94V MICHELIN;205/55R16;1170;0.00;240973.00;240973.00;D
559180;37X12.5 R 18 (25) ALL TERRAIN T/A KO3 GOODRICH;37X12.5R18;4;0.00;886641.00;886641.00;D
559590;DLT245/70 R 17 (22) MUD TERRAIN T/A KM3 GOODRICH;245/70R17;4;0.00;715405.00;715405.00;D
563330;D225/55 R 18 (22)  PRIMACY 4  102V MICHELIN;V225/55R18;0;0.00;0.00;0.00;D
566054;D265/50 R 20  (22) LATITUDE SPORT 3 111Y MICHELIN;265/50R20;7;25.00;743592.75;991457.00;D
566054;D265/50 R 20 (18) LATITUDE SPORT 3 111Y MICHELIN;V265/50R20;0;0.00;991457.00;991457.00;D
566054;D265/50 R 20 (19) LATITUDE SPORT 3 111Y MICHELIN;V265/50R20;0;0.00;991457.00;991457.00;D
566054;D265/50 R 20 (20) LATITUDE SPORT 3 111Y MICHELIN;V265/50R20;0;0.00;991457.00;991457.00;D
566054;D265/50 R 20 (21) LATITUDE SPORT 3 111Y MICHELIN;265/50R20;2;25.00;743592.75;991457.00;D
567304;D275/80 R 22.5  (26) XWORKS Z  MICHELIN;275/80R22;0;3.00;769633.89;793437.00;D
567304;D275/80 R 22.5  (22) XWORKS Z  MICHELIN;V275/80R22;0;3.00;769633.89;793437.00;D
567419;D235/50 R18 (24) ZP PILOT SPORT 4 SUV 97V MICHELIN;235/50R18;12;0.00;736794.00;736794.00;D
567574;D225/55 R17 (25)  PRIMACY 4+ 101W MICHELIN;225/55R17;14;0.00;516838.00;516838.00;D
568675;LT275/50 R22 LRE  ALL TERRAIN T/A KO3 GOODRICH;275/50R22;0;0.00;1148862.00;1148862.00;D
569780;D215/55 R17  (22)  94V PRIMACY 4  AO MICHELIN;V215/55R17;0;0.00;438309.00;438309.00;D
576191;D225/40 ZR 18  (22) PILOT SPORT4 S 92Y MICHELIN;V225/40R18;0;0.00;617196.00;617196.00;D
576191;D225/40 ZR 18 (21) PILOT SPORT4 S 92Y MICHELIN;V225/40R18;0;0.00;617196.00;617196.00;D
576191;225/40 ZR 18 PILOT SPORT4 S 92Y MICHELIN;225/40R18;0;0.00;617196.00;617196.00;D
579370;D255/50 R 20 (25)  P SPORT 4 SUV 109Y MICHELIN;255/50R20;10;0.00;692994.00;692994.00;D
579370;D255/50 R 20 (24) P SPORT 4 SUV 109Y MICHELIN;255/50R20;4;0.00;692994.00;692994.00;D
589028;DLT265/75 R16 (24) RWL ALL TERRAIN T/A KO3 GOODRIC;265/75R16;2;0.00;707428.00;707428.00;D
589028;DLT265/75 R16 (25) RWL ALL TERRAIN T/A KO3 GOODRIC;265/75R16;36;0.00;707428.00;707428.00;D
589212;D255/50 R 20 (24)  PRIMACY SUV + 109W MICHELIN;255/50R20;64;0.00;618745.00;618745.00;D
589212;D255/50 R 20 (26)  PRIMACY SUV + 109W MICHELIN;255/50R20;0;0.00;618745.00;618745.00;D
589273;D215/70 R 16  (23) AGILIS 108/106T MICHELIN;V215/70R16;0;0.00;0.00;0.00;D
589273;D215/70 R 16  (22) AGILIS 108/106T MICHELIN;V215/70R16;0;0.00;0.00;0.00;D
589273;D215/70 R 16  (21) AGILIS 108/106T MICHELIN;V215/70R16;0;0.00;0.00;0.00;D
592741;D255/45 R 20  (24) LAT SPORT 3 101W MICHELIN;255/45R20;30;0.00;993230.00;993230.00;D
593087;D285/60 R 18  (22) PRIIMACY SUV  116V MICHELIN;V285/60R18;0;0.00;0.00;0.00;D
593087;D285/60 R 18 (21) PRIIMACY SUV  116V MICHELIN;V285/60R18;0;0.00;0.00;0.00;D
593096;DLT245/75 R 16  MUD TERRAIN T/A KM3 GOODRICH;V245/75R16;0;50.00;361818.50;723637.00;D
593096;LT245/75 R 16 MUD TERRAIN T/A KM3 GOODRICH;V245/75R16;0;0.00;723637.00;723637.00;D
593096;DLT245/75 R 16 (21) MUD TERRAIN T/A KM3 GOODRICH;V245/75R16;0;15.00;615091.45;723637.00;D
595258;DLT285/70 R17 (24) ALL TERRAIN T/A KO2 OR GOODRICH;285/70R17;10;0.00;900034.00;900034.00;D
596941;D275/55 R20 (22) ORWL TRAIL-TERRAIN T/A 113T GOODR;V275/55R20;0;0.00;763156.00;763156.00;D
600-12;CAMARA 600-12 TR13 (DONG AH (35);600-12;146;0.00;10292.00;10292.00;D
600-12;CAMARA 600-12 TR13 (DONG AH (35) 23;V600-12;0;0.00;10292.00;10292.00;D
600-12;CAMARA 600-12 TR13 (DONG AH (35) 22;600-12;11;0.00;10292.00;10292.00;D
607516;D235/65 R 17 PRIMACY SUV 108V MICHELIN;V235/65R17;0;0.00;0.00;0.00;D
607516;D235/65 R 17 (22)  PRIMACY SUV 108V MICHELIN;V235/65R17;0;0.00;0.00;0.00;D
607516;D235/65 R 17 (21) PRIMACY SUV 108V MICHELIN;V235/65R17;0;0.00;0.00;0.00;D
607516;D235/65 R 17 (20) PRIMACY SUV 108V MICHELIN;V235/65R17;0;0.00;0.00;0.00;D
608209;D225/55 R 16 P  (22) PRIMACY 4 99W MICHELIN;V225/55R16;0;35.00;296845.25;456685.00;D
608209;D225/55 R 16 (20)  P PRIMACY 4 99W MICHELIN;V225/55R16;0;0.00;456685.00;456685.00;D
608209;D225/55 R 16 (21)  P PRIMACY 4 99W MICHELIN;V225/55R16;0;0.00;456685.00;456685.00;D
614802;D245/70 R16 (24) TRAIL-TERRAIN T/A GOODRICH;245/70R16;11;0.00;448863.00;448863.00;O
614802;D245/70 R16 (25) TRAIL-TERRAIN T/A GOODRICH;245/70R16;3;0.00;448863.00;448863.00;D
616366;D225/40 ZR 19  (25)  ZP PILOST SPORT 4 93Y MICHELI;225/40R19;18;0.00;891973.00;891973.00;D
617008;D245/35 ZR 18 (21) P SUP SPORT  92Y MICHELIN;V245/35R18;0;10.00;713428.20;792698.00;D
617008;D245/35 ZR 18 (24) P SUP SPORT  92Y MICHELIN;245/35R18;4;0.00;792698.00;792698.00;D
617828;D205/75 R16  (21) AGILIS + 110/108R MICHELIN;V205/75R16;0;0.00;0.00;0.00;D
617828;D205/75 R16  (20) AGILIS + 110/108R MICHELIN;V205/75R16;0;0.00;0.00;0.00;D
617828;205/75 R16  AGILIS + 110/108R MICHELIN;V205/75R16;0;0.00;632175.00;632175.00;D
620611;D225/45 R1 7  (24) 94W XLTL PRIMACY4+ MI;V225/45R17;0;0.00;274270.00;274270.00;D
620611;D225/45 R1 7  (23) 94W XLTL PRIMACY4+ MI;V225/45R17;0;0.00;274270.00;274270.00;D
620611;D225/45 R1 7  (26) 94W XLTL PRIMACY4+ MI;225/45R17;57;0.00;274270.00;274270.00;D
620611;D225/45 R 17 (25) 94W XLTL PRIMACY4+ MI;225/45R17;110;0.00;274270.00;274270.00;D
620669;DLT265/60 R 18 (22) ALL TERRAIN T/A KO2 GOODRICH;V265/60R18;0;0.00;579865.00;579865.00;D
620669;DLT265/60 R 18 (20) ALL TERRAIN T/A KO2 GOODRICH;V265/60R18;0;0.00;579865.00;579865.00;D
620669;DLT265/60 R 18 (21) ALL TERRAIN T/A KO2 GOODRICH;V265/60R18;0;0.00;579865.00;579865.00;D
620669;DLT265/60 R 18 (23) ALL TERRAIN T/A KO2 GOODRICH;V265/60R18;0;0.00;579865.00;579865.00;D
620669;DLT265/60 R 18 (24) ALL TERRAIN T/A KO2 GOODRICH;V265/60R18;0;8.00;533475.80;579865.00;D
621761;D225/60 R17 (22) ORBL TRAIL-TERRAIN T/A 99H GOODRI;225/60R17;2;10.00;506736.00;563040.00;D
621761;D225/60 R17 (23) ORBL TRAIL-TERRAIN T/A 99H GOODRI;225/60R17;2;0.00;563040.00;563040.00;D
623457;D275/45 R 20  (22) P SPORT 4 SUV 110Y MICHELIN;275/45R20;8;0.00;1290420.00;1290420.00;D
623457;D275/45 R 20 (19) P SPORT 4 SUV 110Y MICHELIN;V275/45R20;0;0.00;1290420.00;1290420.00;D
623457;D275/45 R 20 (20) P SPORT 4 SUV 110Y MICHELIN;V275/45R20;0;10.00;1161378.00;1290420.00;D
623457;D275/45 R 20 (21) P SPORT 4 SUV 110Y MICHELIN;275/45R20;7;10.00;1161378.00;1290420.00;D
626309;D255/35 ZR 19  (25) PILOT SPORT 4 96Y MICHELIN;255/35R19;1;0.00;1027241.00;1027241.00;D
626309;D255/35 ZR 19 (21) PILOT SPORT 4 96Y MICHELIN;V255/35R19;0;0.00;1027241.00;1027241.00;D
629881;D235/55 R 18 (25) PRIMACY 4+ 104V MICHELIN;235/55R18;28;0.00;540001.00;540001.00;D
629881;D235/55 R 18 (24) PRIMACY 4+ 104V MICHELIN;235/55R18;6;0.00;540001.00;540001.00;D
631431;D215/75 R 17.5 (23)  XZE2 126M MICHELIN;V215/75R17;0;0.00;432552.00;432552.00;D
632600;D305/40 R20 (24) PILOT SPORT 4 SUV 112Y MICHELIN;305/40R20;14;0.00;1448919.00;1448919.00;D
633987;D265/50 R20  (21) PILOT SPORT 4 SUV 107V MICHELIN;V265/50R20;0;0.00;991457.00;991457.00;D
633987;D265/50 R20  (22) PILOT SPORT 4 SUV 107V MICHELIN;V265/50R20;0;0.00;991457.00;991457.00;D
634911;DLT275/65 R 18 (24) ALL TERRAIN T/A KO2 GOODRICH;275/65R18;21;8.00;727932.52;791231.00;D
638122;D235/50 R 19 (22)  P SPORT 4 SUV 99V MICHELIN;V235/50R19;0;0.00;969109.00;969109.00;D
638122;D235/50 R 19 (23) P SPORT 4 SUV 99V MICHELIN;V235/50R19;0;0.00;969109.00;969109.00;D
638949;D37X12.5 R 17 (22) MUD TERRAIN T/A KM3 GOODRICH;V37X12.5R17;0;0.00;1187045.00;1187045.00;D
638949;D37X12.5 R 17 (23) MUD TERRAIN T/A KM3 GOODRICH;37X12.5R17;4;0.00;1187045.00;1187045.00;D
643544;D205/55 R 17  (24) PRIMACY 4 + 95V MICHELIN;205/55R17;0;0.00;309421.00;309421.00;D
643544;D205/55 R 17 (25) PRIMACY 4 + 95V MICHELIN;205/55R17;4;0.00;309421.00;309421.00;D
643544;D205/55 R 17 (26) PRIMACY 4 + 95V MICHELIN;205/55R17;185;0.00;309421.00;309421.00;D
653882;245/60 R 18 XLT A/S 105H MICHELIN;V245/60R18;0;0.00;0.00;0.00;D
653882;D245/60 R 18 (21) XLT A/S 105H MICHELIN;V245/60R18;0;0.00;0.00;0.00;D
657337;DLT315/70 R 17 (22) MUD TERRAIN T/A KM3 GOODRICH;V315/70R17;0;0.00;1151338.00;1151338.00;D
657337;DLT315/70 R 17 (25) MUD TERRAIN T/A KM3 GOODRICH;315/70R17;4;0.00;1151338.00;1151338.00;D
658458;255/45 R 19 P SPORT 4 SUV 100V MICHELIN;V255/45R19;0;0.00;968774.00;968774.00;D
658458;D255/45 R 19 (24) P SPORT 4 SUV 100V MICHELIN;V255/45R19;0;0.00;968774.00;968774.00;D
658458;D255/45 R 19 (21) P SPORT 4 SUV 100V MICHELIN;V255/45R19;0;15.00;823457.90;968774.00;D
660346;D225/70 R 16 (21) PRIMACY SUV H 103H MICHELIN;V225/70R16;0;0.00;445538.00;445538.00;D
660346;D225/70 R 16 (20) PRIMACY SUV H 103H MICHELIN;V225/70R16;0;0.00;445538.00;445538.00;D
660346;D225/70 R 16  (22) PRIMACY SUV H 103H MICHELIN;225/70R16;1;10.00;400984.20;445538.00;D
661828;D255/55 R 18 (22)  EXT LOAD P SPORT 4 SUV 109Y MIC;255/55R18;6;25.00;586883.25;782511.00;D
661828;D255/55 R 18 (21)  EXT LOAD P SPORT 4 SUV 109Y MIC;V255/55R18;0;20.00;626008.80;782511.00;D
661828;D255/55 R 18 (20)  EXT LOAD P SPORT 4 SUV 109Y MIC;V255/55R18;0;0.00;782511.00;782511.00;D
663978;D35 X 12.5 R 18 (25) ALL TERRAIN T/A KO2 GOODRICH;V35X12.5R18;0;0.00;906333.00;906333.00;D
666886;D235/50 R 19  (22) LATITUDE SPORT 3 99W MICHELIN;V235/50R19;0;4.00;930344.64;969109.00;D
666886;D235/50 R 19  (25) LATITUDE SPORT 3 99W MICHELIN;235/50R19;4;0.00;969109.00;969109.00;D
666886;D235/50 R 19  (24) LATITUDE SPORT 3 99W MICHELIN;235/50R19;4;4.00;930344.64;969109.00;D
666924;D195/80 R 15 (25) AGILIS3  106/104 R MICHELIN;195/80R15;2;0.00;420722.00;420722.00;D
674619;D225/40 ZR 18 (23) PILOT SPORT4 92Y MICHELIN;V225/40R18;0;0.00;0.00;0.00;D
674619;D225/40 ZR 18 (20) PILOT SPORT4 92Y MICHELIN;V225/40R18;0;0.00;0.00;0.00;D
674619;D225/40 ZR 18  (22) PILOT SPORT4 92Y MICHELIN;V225/40R18;0;0.00;0.00;0.00;D
674619;D225/40 ZR 18 (21) PILOT SPORT4 92Y MICHELIN;V225/40R18;0;0.00;0.00;0.00;D
675543;D265/50 R20 (22) ORBL TRAIL-TERRAIN T/A 107H GO;265/50R20;2;15.00;695253.25;817945.00;D
675543;D265/50 R20 (24) ORBL TRAIL-TERRAIN T/A 107H GO;265/50R20;2;0.00;817945.00;817945.00;D
675543;D265/50 R20 (23) ORBL TRAIL-TERRAIN T/A 107H GO;265/50R20;4;0.00;817945.00;817945.00;D
676658;D255/65R18 (23) ORWL TRAIL-TERRAIN T/A 111T GOODRI;255/65R18;29;0.00;694824.00;694824.00;D
678104;D195/65R15 91(25) H TL ADVANTAGE TOURING GO;195/65R15;24;0.00;200124.00;200124.00;D
678411;D225/55 R 19 (20) P SPORT 4 SUV 99V MICHELIN;V225/55R19;0;0.00;617936.00;617936.00;D
678411;D225/55 R 19 (26) P SPORT 4 SUV 99V MICHELIN;225/55R19;12;0.00;617936.00;617936.00;D
678411;D225/55 R 19 (24) P SPORT 4 SUV 99V MICHELIN;225/55R19;1;0.00;617936.00;617936.00;D
678411;D225/55 R 19  (25) P SPORT 4 SUV 99V MICHELIN;225/55R19;14;0.00;617936.00;617936.00;D
681104;D275/50 R20 (24) MO1 P SPORT 4 SUV 113Y MICHELIN;V275/50R20;0;0.00;1249037.00;1249037.00;D
681104;D275/50 R20 (25) MO1 P SPORT 4 SUV 113Y MICHELIN;275/50R20;0;0.00;1249037.00;1249037.00;D
681238;D205/50 ZR 17 (24) PRIMACY 4+ 93W MICHELIN;205/50R17;12;0.00;322971.00;322971.00;D
681805;DLT275/65R17 (25) RWL  ALL TERRAIN T/A KO3 118/115;275/65R17;4;0.00;698568.00;698568.00;D
702367;D235/60 R 17  (22) 102V TL PRIMACY 4 MICHELIN;V235/60R17;0;5.00;517057.45;544271.00;D
702367;D235/60 R 17 (21)102V TL PRIMACY 4 MICHELIN;235/60R17;1;15.00;462630.35;544271.00;D
702367;D235/60 R 17 (20)102V TL PRIMACY 4 MICHELIN;V235/60R17;0;0.00;544271.00;544271.00;D
706719;D195/70 R 15 (25) AGILIS 3 104/102 R MICHELIN;195/70R15;15;0.00;412175.00;412175.00;D
708227;D275/35 R 19 (24) ZP P SPORT 4 100Y MICHELIN;275/35R19;8;0.00;1459651.00;1459651.00;D
710345;DLT265/65R18 (24) ALL TERRAIN T/A KO2 GOODRICH;265/65R18;40;14.00;556277.24;646834.00;D
710920;D235/45 R 17  (22) P SPORT 4 97Y MICHELIN;V235/45R17;0;0.00;475057.00;475057.00;D
710920;D235/45 R 17 (24) P SPORT 4 97Y MICHELIN;235/45R17;4;0.00;475057.00;475057.00;D
710920;D235/45 R 17 (20) P SPORT 4 97Y MICHELIN;V235/45R17;0;0.00;475057.00;475057.00;D
710920;D235/45 R 17 (21) P SPORT 4 97Y MICHELIN;V235/45R17;0;0.00;475057.00;475057.00;D
711191;D225/40 ZR18  (25) PILOT SPORT 4 ZP 92Y MICHELIN;225/40R18;16;0.00;584842.00;584842.00;D
711230;LT275/70R18 RWL  ALL TERRAIN T/A KO3 125/122SSTD;275/70R18;0;0.00;807063.00;807063.00;D
711389;D195/80 R 15  (22) AGILIS3  106/104 R MICHELIN;195/80R15;2;10.00;378649.80;420722.00;D
711752;D195/45 R 16 (25) PILOT SPORT 3 84V MICHELIN;195/45R16;13;0.00;347320.00;347320.00;D
711752;D195/45 R 16 (24) PILOT SPORT 3 84V MICHELIN;V195/45R16;0;0.00;347320.00;347320.00;D
715955;D205/60 R 16 (25)  LTX FORCE 92H MICHELIN;205/60R16;56;0.00;340523.00;340523.00;D
715955;D205/60 R 16 (24) LTX FORCE 92H MICHELIN;205/60R16;4;0.00;340523.00;340523.00;D
719934;DLT245/75 R17  (26) RWL ALL TERRAIN T/A KO3 GOODRI;245/75R17;2;0.00;732305.00;732305.00;D
720439;D275/35 ZR 19 (18) P SPORT 4 100Y MICHELIN;V275/35R19;0;0.00;1381558.00;1381558.00;D
720439;275/35 ZR 19 P SPORT 4 100Y MICHELIN;275/35R19;0;0.00;1381558.00;1381558.00;D
721907;D225/50 R17 (24) P PRIMACY 3 ZP 94W  MICHELIN;V225/50R17;0;0.00;639897.00;639897.00;D
724271;245/35 ZR 20  (22) ZP MOE P SPORT 3 95Y MICHEHLN;245/35R20;1;10.00;1206039.60;1340044.00;D
724271;245/35 ZR 20  (23) ZP MOE P SPORT 3 95Y MICHEHLN;245/35R20;1;0.00;1340044.00;1340044.00;D
727156;D175/65R15  (25) TL 84H ENERGY XM2 + MICHELIN;175/65R15;4;0.00;213154.00;213154.00;D
727156;D175/65R15  (26) TL 84H ENERGY XM2 + MICHELIN;175/65R15;4;0.00;213154.00;213154.00;D
729186;D32 X 11.5 R 15 (25) AL TERRAIN T/A KO2 GOODRICH;V32X11.5R15;0;0.00;597502.00;597502.00;D
729186;D32 X 11.5 R 15 (26) AL TERRAIN T/A KO2 GOODRICH;32X11.5R15;2;0.00;597502.00;597502.00;D
732422;D245/45 R 18  (22) PRIMACY 4 100W MICHELIN;V245/45R18;0;0.00;677634.00;677634.00;D
732422;D245/45 R 18 (21) PRIMACY 4 100W MICHELIN;245/45R18;2;15.00;567933.45;668157.00;D
733806;D195/60 R 16  (22) LTX FORCE 89H MICHELIN;195/60R16;2;25.00;277588.50;370118.00;D
733806;D195/60 R 16 (21) LTX FORCE 89H MICHELIN;V195/60R16;0;25.00;277588.50;370118.00;D
734070;D265/50 R 20 (22)  X LT A/S 107H MICHELIN;265/50R20;6;10.00;892311.30;991457.00;D
734070;D265/50 R 20 (24)  X LT A/S 107H MICHELIN;265/50R20;10;0.00;991457.00;991457.00;D
737253;D205/60R16 (25) 92H TL ADVANTAGE TOURING GO;205/60R16;26;0.00;216818.00;216818.00;D
739006;DLT285/60R18 (25) RWL  ALL TERRAIN T/A KO3 118/115;V285/60R18;0;0.00;763941.00;763941.00;D
739269;D215/60 R 17  (22) AGILIG 3 MICHELIN;V215/60R17;0;10.00;440298.00;489220.00;D
739269;D215/60 R 17 (21) AGILIG 3 MICHELIN;V215/60R17;0;10.00;440298.00;489220.00;D
740443;225/45 R1 7 (26)  94W XLTL PRIMACY5  MICHELIN;225/45R17;199;0.00;274270.00;274270.00;D
740801;D215/65R16 (24) 98T TL ADVANTAGE TOURING GO;215/65R16;3;0.00;252767.00;252767.00;D
740801;D215/65R16 (25) 98T TL ADVANTAGE TOURING GO;215/65R16;33;0.00;252767.00;252767.00;D
743304;D225/55 R 17  (25) PRIMACY 3 ZP Y MICHELIN;225/55R17;12;0.00;646079.00;646079.00;D
743304;D225/55 R 17 (24) PRIMACY 3 ZP Y MICHELIN;225/55R17;6;0.00;646079.00;646079.00;D
743304;D225/55 R 17 (21) PRIMACY 3 ZP Y MICHELIN;V225/55R17;0;0.00;646079.00;646079.00;D
744945;D245/35 ZR 18 (21) P SPORT 3 92Y  ZP MICHELIN;V245/35R18;0;30.00;0.00;0.00;D
744945;245/35 ZR 18 P SPORT 3 92Y  ZP MICHELIN;V245/35R18;0;0.00;0.00;0.00;D
744945;D245/35 ZR 18 (20) P SPORT 3 92Y  ZP MICHELIN;V245/35R18;0;30.00;0.00;0.00;D
745083;D225/70 R 16 (24)  PRIMACY SUV 103H MICHELIN;225/70R16;48;0.00;445538.00;445538.00;D
746038;275/40 ZR 20 PILOT SPORT 4 106Y MICHELIN;275/40R20;0;0.00;1235959.00;1235959.00;D
746038;D275/40 ZR 20 (20) PILOT SPORT 4 106Y MICHELIN;V275/40R20;0;0.00;1235959.00;1235959.00;D
749292;D225/70 R 15C  (25) 112/110S TL AGILIS 3  MICHELIN;225/70R15;14;0.00;402394.00;402394.00;D
749865;DLT245/70 R 16 (23) ALL TERRAIN T/A KO2 GOODRICH;V245/70R16;0;8.00;423015.08;459799.00;D
749865;DLT245/70 R 16 (24) ALL TERRAIN T/A KO2 GOODRICH;245/70R16;0;8.00;423015.08;459799.00;D
749865;DLT245/70 R 16  (22) ALL TERRAIN T/A KO2 GOODRICH;V245/70R16;0;0.00;459799.00;459799.00;D
751668;35X11.50R20LT LRE ALL TERRAIN T/A KO3 GOODRICH;35X11.5R20;0;0.00;1058931.00;1058931.00;D
751695;D265/70R16 (25)  112T TL ADVANTAGE TOURING GO;265/70R16;33;0.00;335276.00;335276.00;D
752703;DLT215/65 R16  (22) LRD RBL ALL TERRAIN T/A KO2 10;215/65R16;12;15.00;387707.95;456127.00;D
755965;DLT305/70 R 16 (22) KM3 MUD TERRAIN T/A  GOODRICH;V305/70R16;0;0.00;996107.00;996107.00;D
755965;LT305/70 R 16  KM3 MUD TERRAIN T/A  GOODRICH;305/70R16;0;0.00;996107.00;996107.00;D
760725;D245/40 ZR 19 (25) P SPORT 4 98Y MICHELIN;245/40R19;3;0.00;805429.00;805429.00;D
760725;D245/40 ZR 19 (24) P SPORT 4 98Y MICHELIN;245/40R19;3;0.00;805429.00;805429.00;D
760725;D245/40 ZR 19 (20) P SPORT 4 98Y MICHELIN;V245/40R19;0;0.00;805429.00;805429.00;D
760725;D245/40 ZR 19 (21) P SPORT 4 98Y MICHELIN;V245/40R19;0;0.00;805429.00;805429.00;D
762575;D235/35 ZR 19  (22) P SPORT 4 91Y MICHELIN;V235/35R19;0;0.00;837838.00;837838.00;D
762575;D235/35 ZR 19 (24)  P SPORT 4 91Y MICHELIN;235/35R19;8;0.00;837838.00;837838.00;D
762575;D235/35 ZR 19 (26)  P SPORT 4 91Y MICHELIN;235/35R19;6;0.00;837838.00;837838.00;D
763422;D275/45 R 21 (22) XL MO1 P SPORT 4 SUV 110Y MICHEL;V275/45R21;0;0.00;1369796.00;1369796.00;D
763422;D275/45 R 21 (23) XL MO1 P SPORT 4 SUV 110Y MICHEL;275/45R21;2;0.00;1369796.00;1369796.00;D
763718;D30 X 9.5 R 15 (19) MUD TERRAIN T/A KM3  GOODRICH;V30X9.5R15;0;0.00;440290.00;440290.00;D
763718;D30 X 9.5 R 15 (22) MUD TERRAIN T/A KM3  GOODRICH;V30X9.5R15;0;0.00;440290.00;440290.00;D
763718;30 X 9.5 R 15 MUD TERRAIN T/A KM3  GOODRICH;30X9.5R15;0;0.00;440290.00;440290.00;D
763718;D30 X 9.5 R 15 (21) MUD TERRAIN T/A KM3  GOODRICH;V30X9.5R15;0;0.00;440290.00;440290.00;D
765995;D295/80 R 22.5  (25) X MULTI T  MICHELIN;295/80R22;2;3.00;756561.20;779960.00;D
765995;D295/80 R 22.5  (26) X MULTI T  MICHELIN;295/80R22;275;3.00;756561.20;779960.00;D
769514;D235/55 R 19 (25) ZP P SPORT 4 SUV 101V MICHELIN;235/55R19;18;0.00;712060.00;712060.00;D
770932;D255/55 R 20  (26) P SPORT4 SUV 110Y MICHELIN;255/55R20;32;0.00;719869.00;719869.00;D
770932;D255/55 R 20  (25) P SPORT4 SUV 110Y MICHELIN;255/55R20;13;0.00;719869.00;719869.00;D
771601;D235/75 R15 (24) LTX FORCE 105T MICHELIN;235/75R15;2;0.00;424819.00;424819.00;D
772786;D175/65 R14  (25) ENERGY XM2 + 82H MICHELIN;175/65R14;10;0.00;181068.00;181068.00;D
772786;D175/65 R14  (26) ENERGY XM2 + 82H MICHELIN;175/65R14;28;0.00;181068.00;181068.00;D
772845;D195/70 R14  (25) ENERGY XM2 + 91H MICHELIN;V195/70R14;0;0.00;229213.00;229213.00;D
772845;D195/70 R14 (26) ENERGY XM2 + 91H MICHELIN;195/70R14;0;0.00;229213.00;229213.00;D
773625;245/45 R 18 P SPORT 4 100Y MICHELIN;V245/45R18;0;0.00;0.00;0.00;D
773625;D245/45 R 18 (19) P SPORT 4 100Y MICHELIN;V245/45R18;0;0.00;0.00;0.00;D
773625;D245/45 R 18 (20) P SPORT 4 100Y MICHELIN;V245/45R18;0;0.00;0.00;0.00;D
777386;D205/55 R 16 (22)  PRIMACY 4 91V MICHELIN;V205/55R16;0;15.00;0.00;0.00;D
777386;D205/55 R 16 (21) PRIMACY 4 91V MICHELIN;V205/55R16;0;25.00;0.00;0.00;D
777556;D235/50 ZR 18   (24) PRIMACY 4 + 101Y  MICHELIN;235/50R18;2;0.00;660999.00;660999.00;D
779303;D265/60R18 (24)  ALL TERRAIN T/A KO3 114/110S GOOD;V265/60R18;0;0.00;534022.00;534022.00;D
779303;D265/60R18 (25)  ALL TERRAIN T/A KO3 114/110S GOOD;265/60R18;4;0.00;534022.00;534022.00;D
779303;D265/60R18 (26)  ALL TERRAIN T/A KO3 114/110S GOOD;265/60R18;224;0.00;534022.00;534022.00;D
780164;D245/65 R 17 (26) LTX FORCE T  MICHELIN;245/65R17;278;0.00;492585.00;492585.00;D
780164;D245/65 R 17 (25) LTX FORCE T  MICHELIN;245/65R17;98;0.00;492585.00;492585.00;D
785209;D35 X 12.5 R 18 (22) MUD TERRAIN T/A KM3 GOODRICH;35X12.5R18;4;0.00;1007546.00;1007546.00;D
785209;D35 X 12.5 R 18 (26) MUD TERRAIN T/A KM3 GOODRICH;35X12.5R18;0;0.00;1007546.00;1007546.00;D
792796;D255/40 ZR 18 (20) PILOT SPORT 4 99Y MICHELIN;V255/40R18;0;0.00;600862.00;600862.00;D
792796;255/40 ZR 18 PILOT SPORT 4 99Y MICHELIN;V255/40R18;0;0.00;600862.00;600862.00;D
792796;D255/40 ZR 18 (19) PILOT SPORT 4 99Y MICHELIN;V255/40R18;0;0.00;600862.00;600862.00;D
792796;D255/40 ZR 18 (21) PILOT SPORT 4 99Y MICHELIN;V255/40R18;0;15.00;510732.70;600862.00;D
794074;215/70 R 16 PRIMACY SUV 100H MICHELIN;V215/70R16;0;0.00;345461.00;345461.00;D
794074;D215/70 R (21)16 PRIMACY SUV 100H MICHELIN;V215/70R16;0;20.00;276368.80;345461.00;D
795291;D215/45 R 17  (22) P SPORT4 91Y  MICHELIN;V215/45R17;0;0.00;0.00;0.00;D
795291;D215/45 R 17 (20) P SPORT4 91Y  MICHELIN;V215/45R17;0;0.00;442887.72;442887.72;D
795291;D215/45 R 17 (21) P SPORT4 91Y  MICHELIN;V215/45R17;0;20.00;0.00;0.00;D
796573;255/35 ZR 18 P SPORT 4 94Y MICHELIN;V255/35R18;0;0.00;0.00;0.00;D
796573;255/35 ZR 18 P SPORT 4 94Y MICHELIN;V255/35R18;0;0.00;0.00;0.00;D
796573;D255/35 ZR 18 (21) P SPORT 4 94Y MICHELIN;V255/35R18;0;0.00;0.00;0.00;D
811570;D265/60 R 18  (22) PRIMACY SUV 110H MICHELIN;V265/60R18;0;0.00;0.00;0.00;D
811570;D265/60 R 18 (20) PRIMACY SUV 110H MICHELIN;V265/60R18;0;0.00;666027.49;666027.49;D
811570;D265/60 R 18 (21) PRIMACY SUV 110H MICHELIN;V265/60R18;0;0.00;0.00;0.00;D
812279;D195/55R15 (24) 89V XL TL ADVANTAGE TOURING GO;195/55R15;2;0.00;182718.00;182718.00;D
812279;D195/55R15 (25) 89V XL TL ADVANTAGE TOURING GO;195/55R15;18;0.00;182718.00;182718.00;D
812292;DLT235/85R16 (25) RWL  ALL TERRAIN T/A KO3 120/116;235/85R16;4;0.00;594134.00;594134.00;D
812857;D225/55 R 18  (25) 98V PRIMACY 4 MICHELIN;V225/55R18;0;18.00;423215.94;516117.00;D
812874;D215/60 R17  (22) ORBL TRAIL-TERRAIN T/A 96H GOODR;215/60R17;12;10.00;438273.00;486970.00;D
812928;D225/55  R 18  (22) XL ORBL TRAIL-TERRAIN T/A 102H;225/55R18;5;15.00;459708.90;540834.00;D
812928;D225/55  R 18  (23) XL ORBL TRAIL-TERRAIN T/A 102H;225/55R18;3;0.00;540834.00;540834.00;D
813986;LT215/65R16 (25) ALL TERRAIN T/A KO3 103/100SBFGOO;215/65R16;8;0.00;498319.00;498319.00;D
817321;D215/70 R 15  (22) AGILIS 3 MICHELIN;215/70R15;4;0.00;430159.00;430159.00;D
817348;D285/45 R 20 (22) EXTRA LOAD P SPORT 4 SUV 110Y MI;V285/45R20;0;5.00;1383764.30;1456594.00;D
817354;D275/30 ZR 20 (22) P SPORT 4 97Y MICHELIN;275/30R20;1;10.00;1138985.10;1265539.00;D
817676;D235/55 R 17  (22) LATITUD SPORT 99V MICHELIN;V235/55R17;0;0.00;0.00;0.00;D
817676;D235/55 R 17 (19) LATITUD SPORT 99V MICHELIN;V235/55R17;0;0.00;0.00;0.00;D
817676;D235/55 R 17 (20) LATITUD SPORT 99V MICHELIN;V235/55R17;0;0.00;0.00;0.00;D
817676;D235/55 R 17 (21) LATITUD SPORT 99V MICHELIN;V235/55R17;0;0.00;0.00;0.00;D
817713;D235/70R16 (24) TRAIL-TERRAIN T/A GOODRICH;235/70R16;20;0.00;462650.00;462650.00;D
817714;D245/60 R18 (22)  ORBL TRAIL-TERRAIN T/A 105H GOOD;245/60R18;8;0.00;683043.00;683043.00;D
820321;DLT235/85 R 16 (23) ALL TERRAIN T/A KO2 120S GOODR;235/85R16;2;5.00;564427.30;594134.00;D
820321;DLT235/85 R 16 (24) ALL TERRAIN T/A KO2 120S GOODR;V235/85R16;0;8.00;546603.28;594134.00;D
820321;DLT235/85 R 16 (21) ALL TERRAIN T/A KO2 120S GOODR;V235/85R16;0;0.00;594134.00;594134.00;D
820321;DLT235/85 R 16  (22) ALL TERRAIN T/A KO2 120S GOOD;V235/85R16;0;0.00;594134.00;594134.00;D
823358;D265/65 R18 (22) ORWL TRAIL-TERRAIN T/A 114T GOODR;265/65R18;2;10.00;640161.90;711291.00;D
823358;D265/65 R18 (23) ORWL TRAIL-TERRAIN T/A 114T GOODR;265/65R18;1;0.00;711291.00;711291.00;D
823358;D265/65 R18 (24) ORWL TRAIL-TERRAIN T/A 114T GOODR;265/65R18;35;0.00;711291.00;711291.00;D
826129;D265/70 R 17 (24) ORWL TRAIL-TERRAIN T/A 117T GOOD;265/70R17;55;0.00;618059.00;618059.00;D
832597;D235/50 R 17  (22) PRIMACY 3 96W MICHELIN;235/50R17;2;50.00;257921.50;515843.00;D
832597;D235/50 R 17 (20) PRIMACY 3 96W MICHELIN;235/50R17;1;50.00;257921.50;515843.00;D
832957;D185/65R15 (25)  88H TL ADVANTAGE TOURING GO;185/65R15;38;0.00;177819.00;177819.00;D
834872;D235/45 R 18 (22) PILOT SPOR 5  98Y MICHELIN;235/45R18;2;10.00;585626.40;650696.00;D
834879;D225/65 R 17  (22) PRIMACY SUV 102H MICHELIN;225/65R17;46;15.00;317200.45;373177.00;D
834901;D185/60R14 (25) 86H XL TL ADVANTAGE TOURING GO;185/60R14;40;0.00;176888.00;176888.00;D
835308;D255/55 R20  (24) XL ORBL TRAIL-TERRAIN T/A 110H G;255/55R20;-4;0.00;790897.00;790897.00;D
835308;D255/55 R20  (25) XL ORBL TRAIL-TERRAIN T/A 110H G;255/55R20;1;0.00;790897.00;790897.00;D
835334;D185/55 R15 (19)86V TL ENERGY XM2 + MICHELIN;V185/55R15;0;0.00;0.00;0.00;D
836145;DLT285/75 R 16  (22) KM3 MUD TERRAIN T/A  GOODRICH;V285/75R16;0;0.00;937971.00;937971.00;D
836145;DLT285/75 R 16 (20) KM3 MUD TERRAIN T/A  GOODRICH;V285/75R16;0;0.00;937971.00;937971.00;D
836145;DLT285/75 R 16  (24) KM3 MUD TERRAIN T/A  GOODRICH;285/75R16;1;10.00;844173.90;937971.00;D
836366;D33 X 12.5 R 15 (25) AL TERRAIN T/A KO2 GOODRICH;33X12.5R15;36;15.00;597198.95;702587.00;D
836366;D33 X 12.5 R 15 (24) AL TERRAIN T/A KO2 GOODRICH;33X12.5R15;23;15.00;597198.95;702587.00;D
840219;225/65 R 17 (24) PRIMACY SUV 4 102H MICHELIN;225/65R17;0;45.00;309706.10;563102.00;D
840219;225/65 R 17 PRIMACY SUV 4 102H MICHELIN;225/65R17;0;45.00;309706.10;563102.00;D
840219;D225/65 R 17 (21) PRIMACY SUV 4 102H MICHELIN;V225/65R17;0;0.00;563102.00;563102.00;D
840647;LT245/70R16 LRD RWL ALL-TERRAIN T/A KO3 BF GOODRIC;245/70R16;0;0.00;505779.00;505779.00;D
848125;LT305/65R18 (25) ALL TERRAIN T/A KO3 128SSTD;305/65R18;4;0.00;949945.00;949945.00;D
848398;D215/45 R 16 E(20) LOAD PRIMACY 3 90V MICHELIN;V215/45R16;0;0.00;0.00;0.00;D
85304;175/70 R 13 82T M20   OUTRUN MOMO;175/70R13;47;0.00;106476.00;106476.00;D
85308;175/65 R 14 82T M20 PRO MOMO;175/65R14;39;0.00;128030.00;128030.00;D
85311;175/70 R 14 88T M20 PRO MOMO;175/70R14;55;0.00;126643.00;126643.00;D
853148;D215/65 R 15 (20) AGILIS 51 104T MICHELIN;V215/65R15;0;30.00;291945.50;417065.00;D
853148;215/65 R 15 AGILIS 51 104T MICHELIN;V215/65R15;0;0.00;417065.00;417065.00;D
85315;185/60R15 84H PRO OUTRUN M20 MOMO;185/60R15;20;0.00;148520.00;148520.00;D
855281;D195/55R16 (24) 87V TL ADVANTAGE TOURING GO;V195/55R16;0;0.00;198619.00;198619.00;D
855281;D195/55R16 (25) 87V TL ADVANTAGE TOURING GO;195/55R16;24;0.00;198619.00;198619.00;D
856217;D245/35 ZR 19 (22) P SPORT 4 93Y MICHELIN;V245/35R19;0;0.00;845649.00;845649.00;D
856217;D245/35 ZR 19 (24) P SPORT 4 93Y MICHELIN;245/35R19;10;0.00;845649.00;845649.00;D
860113;D315/35 R 21  (22) PILOT SPORT 4 SUV 111Y MICHELIN;315/35R21;1;10.00;1296640.80;1440712.00;D
860554;D195/50 R16 (24)  PRIMACY 4+ 88V MICHELIN;195/50R16;98;0.00;312908.00;312908.00;D
860554;D195/50 R16 (25)  PRIMACY 4+ 88V MICHELIN;V195/50R16;0;0.00;312908.00;312908.00;D
862230;LT305/50 R20 RBL ALL-TERRAIN T/A KO2  117/114S;305/50R20;0;0.00;943110.00;943110.00;D
863357;DLT225/65 R 17 (24) ALL TERRAIN T/A KO2 GOODRICH;225/65R17;2;8.00;485520.80;527740.00;D
863357;DLT225/65 R 17 (22) ALL TERRAIN T/A KO2 GOODRICH;225/65R17;2;8.00;485520.80;527740.00;D
864963;D215/50 R17 (26) XL PRIMACY 5 95W MICHELIN;215/50R17;326;0.00;279559.00;279559.00;D
865383;DLT285/75 R 16 (20) ALL TERRAIN T/A KO2 GOODRICH;V285/75R16;0;0.00;0.00;0.00;D
865383;DLT285/75 R 16 (21) ALL TERRAIN T/A KO2 GOODRICH;V285/75R16;0;0.00;0.00;0.00;D
865383;LT285/75 R 16 (25) ALL TERRAIN T/A KO2 GOODRICH;V285/75R16;0;0.00;0.00;0.00;D
873342;D225/50 R 16  (22) PRIMACY 4 92W MICHELIN;V225/50R16;0;0.00;0.00;0.00;D
873342;D225/50 R 16 (20) PRIMACY 4 92W MICHELIN;V225/50R16;0;0.00;0.00;0.00;D
873387;D255/30 ZR19 (23) XL ZP P S POR 4 S 91Y MICHELIN;255/30R19;2;0.00;1181382.00;1181382.00;D
875678;D31 X 10.5 R 15 (25) AL TERRAIN T/A KO2 GOODRICH;31X10.5R15;43;8.00;511747.24;556247.00;D
876119;D245/70R16 (25) 111T XL TL ADVANTAGE TOURING GO;245/70R16;10;0.00;310163.00;310163.00;D
877941;D265/70 R 16 (24)  X LT A/S 112T MICHELIN;265/70R16;12;0.00;463413.00;463413.00;D
878673;DLT305/55 R 20  (22) MUD TERRAIN T/A KM3 GOODRICH;305/55R20;5;15.00;984475.95;1158207.00;D
878673;DLT305/55 R 20 (23)MUD TERRAIN T/A KM3 GOODRICH;305/55R20;5;0.00;1158207.00;1158207.00;D
878673;DLT305/55 R 20 (18)MUD TERRAIN T/A KM3 GOODRICH;V305/55R20;0;0.00;1158207.00;1158207.00;D
880470;D245/65 R 17 (24) ALL TERRAIN T/A KO2 GOODRICH;245/65R17;2;3.00;554101.83;571239.00;D
880470;D245/65 R 17 (25) ALL TERRAIN T/A KO2 GOODRICH;245/65R17;1;3.00;554101.83;571239.00;D
88084;265/60R18 M8 H/T 114V MOMO;265/60R18;24;0.00;351238.00;351238.00;D
882370;D265/50 R 19  (22) EXT LOAD P SPORT 4 SUV 110T MIC;265/50R19;2;0.00;902105.00;902105.00;D
882848;D255/55 R19  (26) XL ORBL TRAIL-TERRAIN T/A 111H G;255/55R19;9;0.00;704283.00;704283.00;D
882848;D255/55 R19 (25)  XL ORBL TRAIL-TERRAIN T/A 111H G;255/55R19;2;0.00;704283.00;704283.00;D
885068;DP245/60 R 18 (24) LATITUDE SPORT 3  105H MICHELIN;245/60R18;16;0.00;715544.00;715544.00;D
885347;D215/55 R18  (25) PRIMACY 4 + 99V MICHELIN;215/55R18;0;2.00;446243.00;455350.00;D
885347;D215/55 R18  (24) PRIMACY 4 + 99V MICHELIN;V215/55R18;0;2.00;446243.00;455350.00;D
885912;DLT275/70 R 16  (25) ALL TERRAIN T/A KO2 GOODRICH;275/70R16;1;8.00;551942.96;599938.00;D
885912;DLT275/70 R 16  (23) ALL TERRAIN T/A KO2 GOODRICH;V275/70R16;0;0.00;599938.00;599938.00;D
885912;DLT275/70 R 16  (24) ALL TERRAIN T/A KO2 GOODRICH;275/70R16;3;15.00;509947.30;599938.00;D
887014;DP275/60 R 20 (18) LATTOUR HP 114H MICHELIN;V275/60R20;0;0.00;668157.00;668157.00;D
887014;DP275/60 R 20 (22) LATTOUR HP 114H MICHELIN;V275/60R20;0;30.00;467709.90;668157.00;D
887014;DP275/60 R 20 (20) LATTOUR HP 114H MICHELIN;V275/60R20;0;0.00;668157.00;668157.00;D
887014;DP275/60 R 20 (21) LATTOUR HP 114H MICHELIN;V275/60R20;0;0.00;668157.00;668157.00;D
889474;D215/65 R16 (25) PRIMACY 4 102H MICHELIN;215/65R16;4;0.00;404808.00;404808.00;D
889474;D215/65 R16 (24) PRIMACY 4 102H MICHELIN;215/65R16;29;0.00;404808.00;404808.00;D
889474;D215/65 R16 (23) PRIMACY 4 102H MICHELIN;215/65R16;20;0.00;404808.00;404808.00;D
890588;D185/55 R 16 (24) ENERGY XM2 83V+ MICHELIN;185/55R16;35;0.00;345461.00;345461.00;D
893522;245/75 R 17 ALL TERRAIN T/A KO2 GOODRICH;V245/75R17;0;0.00;0.00;0.00;D
893522;D245/75 R 17 (21) ALL TERRAIN T/A KO2 GOODRICH;V245/75R17;0;0.00;0.00;0.00;D
897526;D225/70 R 15 (21) LTX FORCE MICHELIN;V225/70R15;0;0.00;0.00;0.00;D
897613;DLT265/60 R 18 (24) MUD TERRAIN T/A KM3 GOODRICH;V265/60R18;0;0.00;779586.00;779586.00;D
900309;D225/50 R 17 (24)  PRIMACY 4 + 98 Y MICHELIN;225/50R17;4;0.00;308032.00;308032.00;D
900911;D235/65 R 16  (25) AGILIS 3 MICHELIN;235/65R16;24;0.00;522402.00;522402.00;D
903168;D265/60 R 18 (24) FRV PRIMACY SUV+ 110 H MICHELIN;V265/60R18;0;0.00;379056.00;379056.00;D
903168;D265/60 R 18 (25) FRV PRIMACY SUV+ 110 H MICHELIN;265/60R18;7;0.00;379056.00;379056.00;D
903727;D215/60 R 17 (25) PRIMACY 4 96H MICHELIN;215/60R17;2;0.00;428770.00;428770.00;D
903727;D215/60 R 17 (24) PRIMACY 4 96H MICHELIN;V215/60R17;0;0.00;428770.00;428770.00;D
903727;D215/60 R 17  (26) PRIMACY 4 96H MICHELIN;215/60R17;124;0.00;428770.00;428770.00;D
907243;DLT245/75 R 16 (23) ALL TERRAIN T/A KO2 GOODRICH;245/75R16;2;8.00;614980.44;668457.00;D
909050;205/70 R15C AGILIS 3 (23) 106/104R MICHELIN;205/70R15;0;0.00;423052.00;423052.00;D
909050;D205/70 R15C AGILIS 3 (26) 106/104R MICHELIN;205/70R15;8;0.00;423052.00;423052.00;D
909882;D235/40 ZR 18  (22) P SPORT 5 95Y MICHELIN;235/40R18;5;8.00;561517.40;610345.00;D
909882;D235/40 ZR 18  (24) P SPORT 5 95Y MICHELIN;235/40R18;24;0.00;610345.00;610345.00;D
909889;D225/60 R18 (25) PRIMACY A/S 100H MICHELIN;225/60R18;42;0.00;567562.00;567562.00;D
919695;D255/50 R 19  (22) LATITUD SPORT 3 ZP  MICHELIN;V255/50R19;0;25.00;892449.00;1189932.00;D
919695;D255/50 R 19 (21) LATITUD SPORT 3 ZP  MICHELIN;V255/50R19;0;25.00;892449.00;1189932.00;D
919698;D195/50 R 15 (21) PILOT SPORT 3 82V MICHELIN;V195/50R15;0;20.00;245460.00;306825.00;D
919698;195/50 R 15  PILOT SPORT 3 82V MICHELIN;195/50R15;0;20.00;245460.00;306825.00;D
920337;DLT235/85 R 16  (22) KM3 MUD TERRAIN T/A GOODRICH;235/85R16;1;0.00;594134.00;594134.00;D
920337;DLT235/85 R 16 (20) KM3 MUD TERRAIN T/A GOODRICH;V235/85R16;0;30.00;415893.80;594134.00;D
920337;DLT235/85 R 16 (21) KM3 MUD TERRAIN T/A GOODRICH;V235/85R16;0;15.00;505013.90;594134.00;D
920337;DLT235/85 R 16 (23) KM3 MUD TERRAIN T/A GOODRICH;V235/85R16;0;0.00;594134.00;594134.00;D
920422;D185/70 R 14 (25) ENERGY XM2 + 88H MICHELIN;185/70R14;16;0.00;207893.00;207893.00;D
920995;D175/70R14 (24) 88T XL TL ADVANTAGE TOURING GO;175/70R14;6;0.00;178061.00;178061.00;D
921037;DLT265/60 R 20 (25) ALL TERRAIN T/A KO3 GOODRICH;265/60R20;12;0.00;864440.00;864440.00;D
921152;D235/45 R 19 (24) LTX TRAIL ST 99H MICHELIN;235/45R19;2;0.00;522164.00;522164.00;D
922284;D225/40 ZR18 (26)  XL P SPORT 5 92Y MICHELIN;225/40R18;1;0.00;481750.00;481750.00;D
922284;D225/40 ZR18 (24)  XL P SPORT 5 92Y MICHELIN;225/40R18;2;0.00;481750.00;481750.00;D
922303;D275/40 R 20 (20) LATITUDE SPORT 3 106Y  MICHELIN;V275/40R20;0;30.00;0.00;0.00;D
922303;275/40 R 20 LATITUDE SPORT 3 106Y  MICHELIN;V275/40R20;0;0.00;0.00;0.00;D
922303;D275/40 R 20 (19)  LATITUDE SPORT 3 106Y  MICHELIN;V275/40R20;0;0.00;0.00;0.00;D
926063;D225/50 R 18  (26) PRIMACY 4 + 99W MICHELIN;225/50R18;105;0.00;435832.00;435832.00;D
926063;D225/50 R 18  (25) PRIMACY 4 + 99W MICHELIN;225/50R18;9;0.00;435832.00;435832.00;D
926156;D275/80 R 22.5  (22) X INCITY Z MICHELIN;V275/80R22;0;12.00;705271.60;801445.00;D
928949;D195/75 R 16  (25) AGILIS 3 107/105R MICHELIN;195/75R16;10;0.00;357570.00;357570.00;D
928949;D195/75 R 16 (26) AGILIS 3 107/105R MICHELIN;195/75R16;93;0.00;357570.00;357570.00;D
928949;D195/75 R 16 (24) AGILIS 3 107/105R MICHELIN;195/75R16;8;0.00;357570.00;357570.00;D
930980;D205/80 R 16 (21) LATITUDE CROSS 104T MICHELIN;V205/80R16;0;0.00;429667.00;429667.00;D
930980;D205/80 R 16 (20) LATITUDE CROSS 104T MICHELIN;V205/80R16;0;0.00;429667.00;429667.00;D
930980;D205/80 R 16 (19) LATITUDE CROSS 104T MICHELIN;V205/80R16;0;0.00;429667.00;429667.00;D
930980;D205/80 R 16  (22) LATITUDE CROSS 104T MICHELIN;V205/80R16;0;0.00;429667.00;429667.00;D
932443;DLT235/60 R 18 (22) ALL TERRAIN T/A KO2 GOODRICH;235/60R18;1;0.00;665091.00;665091.00;D
932443;DLT235/60 R 18 (23) ALL TERRAIN T/A KO2 GOODRICH;235/60R18;11;0.00;665091.00;665091.00;D
93359;PORBABLE AIR  MINI COMP 150 PSI DE 2000*2 DBN;DBN;318;0.00;68788.00;68788.00;D
935228;DLT265/75 R 16 (23) ALL TERRAIN T/A KO2 GOODRICH;V265/75R16;0;0.00;707428.00;707428.00;D
935228;DLT265/75 R 16 (24) ALL TERRAIN T/A KO2 GOODRICH;V265/75R16;0;8.00;650833.76;707428.00;D
935228;DLT265/75 R 16  (22) ALL TERRAIN T/A KO2 GOODRICH;V265/75R16;0;0.00;707428.00;707428.00;D
936561;205/80 R 16 MUD TERRAIN T/A KM3 GOODRICH;205/80R16;0;0.00;636284.00;636284.00;D
936561;D205/80 R 16 (22) MUD TERRAIN T/A KM3 GOODRICH;205/80R16;12;20.00;509027.20;636284.00;D
936561;D205/80 R 16 (20) MUD TERRAIN T/A KM3 GOODRICH;V205/80R16;0;0.00;636284.00;636284.00;D
936561;D205/80 R 16 (21) MUD TERRAIN T/A KM3 GOODRICH;205/80R16;4;20.00;509027.20;636284.00;D
93685;PORTABLE JUMP STARTER 160PSI DE 2000 MAH*4 DBN;DBN;204;0.00;141179.00;141179.00;D
941156;LT265/65 R 17 (22) MUD TERRAIN T/A KM3 GOODRICH;265/65R17;0;0.00;758698.00;758698.00;D
941156;DLT265/65 R 17 (24) MUD TERRAIN T/A KM3 GOODRICH;265/65R17;1;0.00;758698.00;758698.00;D
941156;DLT265/65 R 17 (25) MUD TERRAIN T/A KM3 GOODRICH;265/65R17;1;0.00;758698.00;758698.00;D
941156;DLT265/65 R 17 (21) MUD TERRAIN T/A KM3 GOODRICH;V265/65R17;0;0.00;758698.00;758698.00;D
942668;D185/70R14 (25) 88H TL ADVANTAGE TOURING GO;185/70R14;30;0.00;177246.00;177246.00;D
943123;DLT275/70 R16 (25) LRD RWL ALL TERRAIN T/A KO3 GOO;275/70R16;27;0.00;599938.00;599938.00;D
943151;DLT225/75R16 (21) MUD TERRAIN T/A KM3 GOODRICH;225/75R16;1;40.00;397018.20;661697.00;D
946623;DLT275/65R18 (25) RWL ALL TERRAIN T/A KO3 123/120S;275/65R18;0;0.00;791231.00;791231.00;D
946785;D225/65 R17 (23) ORWL  TRAIL-TERRAIN T/A 102T GOOD;225/65R17;4;0.00;472193.00;472193.00;D
946785;D225/65 R17 (22) ORWL  TRAIL-TERRAIN T/A 102T GOOD;225/65R17;24;5.00;448583.35;472193.00;D
946969;D275/40 R 19 (24) P SPORT 4 105Y MICHELIN;275/40R19;2;0.00;1159002.00;1159002.00;D
946969;D275/40 R 19 (22) P SPORT 4 105Y MICHELIN;V275/40R19;0;0.00;1159002.00;1159002.00;D
94817;D255/65 R 17  (25) PRIMACY SUV + 110H MICHELIN;255/65R17;14;0.00;512241.00;512241.00;D
948389;D245/50 R 18 (24) ZP PRIMACY  3 100Y MICHELIN;245/50R18;55;0.00;868630.00;868630.00;D
952926;D255/35 ZR 18 (24) P SPORT 5 94Y MICHELIN;255/35R18;11;0.00;778604.00;778604.00;D
953772;D225/60 R 18 (24) P SPORT 4 SUV 100V MICHELIN;225/60R18;12;0.00;536346.00;536346.00;D
954978;DP285/70 R 17 (25) ORWL TRAIL TERRAIN T/A 117T GOO;285/70R17;14;0.00;693892.00;693892.00;D
955923;D195/60 R 16C  (22) AGILIS 3 MICHELIN;V195/60R16;0;0.00;394351.00;394351.00;D
955923;D195/60 R 16C (21) AGILIS 3 MICHELIN;195/60R16;4;5.00;374633.45;394351.00;D
956602;D195/65 R 15 (25)  PRIMACY 4 91H MICHELIN;195/65R15;55;0.00;244272.00;244272.00;D
956602;D195/65 R 15 (26)  PRIMACY 4 91H MICHELIN;195/65R15;30;0.00;244272.00;244272.00;D
959714;255/55 R 19  PRIMACY SUV + 111V MICHELIN;V255/55R19;0;0.00;540674.00;540674.00;D
959714;D255/55 R 19 (26) PRIMACY SUV + 111V MICHELIN;255/55R19;44;0.00;540674.00;540674.00;D
964349;D315/35 R 20 (19) LATITUD SPORT 3 110W MICHELIN;V315/35R20;0;0.00;1424070.00;1424070.00;D
964349;D315/35 R 20 (23) LATITUD SPORT 3 110W MICHELIN;315/35R20;2;0.00;1424070.00;1424070.00;D
964349;D315/35 R 20  (22) LATITUD SPORT 3 110W MICHELIN;V315/35R20;0;0.00;1424070.00;1424070.00;D
966834;DLT325/60 R 20 (22) ALL TERRAIN T/A KO2 GOODRICH;325/60R20;14;20.00;926564.00;1158205.00;D
967701;D225/45 ZR 19  (23) ZP P SPORT 4 96W MICHELIN;V225/45R19;0;0.00;973065.00;973065.00;D
967701;D225/45 ZR 19  (24) ZP P SPORT 4 96W MICHELIN;225/45R19;4;0.00;973065.00;973065.00;D
967880;D255/55 R19   (26) XL LTX FORCE 111H MICHELIN;255/55R19;82;0.00;540675.00;540675.00;D
969447;D235/55 R17 (25) XL PRIMACY 4 + 103Y MICHELIN;235/55R17;5;0.00;530642.00;530642.00;D
974855;215/55 R 16 (26) PRIMACY 5 97W MICHELIN;215/55R16;8;0.00;393802.00;393802.00;D
981403;D175/65R14 (24) 86H XL TL ADVANTAGE TOURING GO;V175/65R14;0;0.00;161282.00;161282.00;D
981403;D175/65R14 (25) 86H XL TL ADVANTAGE TOURING GO;175/65R14;56;0.00;161282.00;161282.00;D
983314;D205/60 R 15 (24) ENERGY XM2 +  91V MICHELIN;205/60R15;4;0.00;279627.00;279627.00;D
983314;D205/60 R 15 (25) ENERGY XM2 +  91V MICHELIN;205/60R15;52;0.00;279627.00;279627.00;D
984057;D225/75 R 16 (25) AGILIS 3 118/116 R MICHELIN;225/75R16;6;0.00;459235.00;459235.00;D
984691;D32 X 11.5 R 15 (20) MUD TERRAIN T/A KM3 GOODRICH;V32X11.5R15;0;40.00;459865.20;766442.00;D
984691;32 X 11.5 R 15  MUD TERRAIN T/A KM3 GOODRICH;32X11.5R15;0;0.00;766442.00;766442.00;D
986755;D245/70 R 16 (19) PRIMACY SUV 111H MICHELIN;V245/70R16;0;0.00;0.00;0.00;D
986755;D245/70 R 16 (20) PRIMACY SUV 111H MICHELIN;V245/70R16;0;0.00;0.00;0.00;D
986755;D245/70 R 16 (21) PRIMACY SUV 111H MICHELIN;V245/70R16;0;0.00;0.00;0.00;D
986755;245/70 R 16 PRIMACY SUV 111H MICHELIN;V245/70R16;0;0.00;0.00;0.00;D
987137;D205/60 R 16 (25) PRIMACY 4 + 92V  MICHELIN;205/60R16;76;0.00;340020.00;340020.00;D
987137;D205/60 R16 (24) PRIMACY 4 + 92V  MICHELIN;205/60R16;4;0.00;340020.00;340020.00;D
996798;D235/70 R 16 (25) 106T LTX FORCE;235/70R16;8;0.00;468432.00;468432.00;D
997246;D265/60 R 18 (25) LTX TRAIL ST 114H MICHELIN;265/60R18;0;8.00;348117.88;378389.00;D
997246;D265/60 R 18 (26) LTX TRAIL ST 114H MICHELIN;265/60R18;1686;8.00;348117.88;378389.00;D
997724;D205/55 R 16 (22)  PRIMACY 4 94V MICHELIN;V205/55R16;0;15.00;0.00;0.00;D
997724;D205/55 R 16 (21) PRIMACY 4 94V MICHELIN;V205/55R16;0;0.00;0.00;0.00;D
999908;D255/55 R 19  (22) EXT LOAD P SPORT 4 SUV 111V MIC;V255/55R19;0;13.00;571518.66;656918.00;D
999908;D255/55 R 19 (24) EXT LOAD P SPORT 4 SUV 111V MICH;255/55R19;2;10.00;591226.20;656918.00;D
999908;D255/55 R 19 (25) EXT LOAD P SPORT 4 SUV 111V MICH;255/55R19;32;10.00;591226.20;656918.00;D
BRILLOM-330;SUPER BRILLO PROTECTOR 330 CM;MICHELIN;20;0.00;5300.00;5300.00;D
F-12;CAMARA F12  (TR13) DONG AH (35) 22;F-12;71;0.00;10292.00;10292.00;D
F-12;CAMARA F12  (TR13) DONG AH (35) 23;F-12;129;0.00;10292.00;10292.00;D
F-12;CAMARA F12  (TR13) DONG AH (35) 25;F-12;140;0.00;10292.00;10292.00;D
F-13;CAMARA FR13 (TR13) DONG AH (30);VF-13;0;5.00;9908.50;10430.00;D
F-13;CAMARA FR13 (TR13) DONG AH (30) 22;F-13;0;10.00;9387.00;10430.00;D
F-13;CAMARA FR13 (TR13) DONG AH (30) 23;F-13;4523;10.00;9387.00;10430.00;D
F-13;CAMARA FR13 (TR13) DONG AH (30) 24;F-13;4380;0.00;10430.00;10430.00;D
